sensitive_attribute,subgroup,target_value,within_subgroup_rate
education,1.0,0.0,0.34657039711191334
education,1.0,1.0,0.05703971119133574
education,1.0,2.0,0.31624548736462094
education,1.0,3.0,0.28014440433212995
education,2.0,0.0,0.3147306943543154
education,2.0,1.0,0.05126541207008436
education,2.0,2.0,0.3926022063595068
education,2.0,3.0,0.24140168721609345
education,3.0,0.0,0.36475247524752474
education,3.0,1.0,0.04514851485148515
education,3.0,2.0,0.3920792079207921
education,3.0,3.0,0.19801980198019803
education,4.0,0.0,0.4150826189588769
education,4.0,1.0,0.046465399428500434
education,4.0,2.0,0.3553236426885327
education,4.0,3.0,0.18312833892408995
education,nan,0.0,0.5065950170981924
education,nan,1.0,0.050806057645334635
education,nan,2.0,0.30288226673180263
education,nan,3.0,0.13971665852467025
income_poverty_ratio,0.0,0.0,0.3058823529411765
income_poverty_ratio,0.0,1.0,0.023529411764705882
income_poverty_ratio,0.0,2.0,0.36470588235294116
income_poverty_ratio,0.0,3.0,0.3058823529411765
income_poverty_ratio,0.01,0.0,0.0
income_poverty_ratio,0.01,1.0,0.6666666666666666
income_poverty_ratio,0.01,2.0,0.0
income_poverty_ratio,0.01,3.0,0.3333333333333333
income_poverty_ratio,0.02,0.0,0.36363636363636365
income_poverty_ratio,0.02,1.0,0.09090909090909091
income_poverty_ratio,0.02,2.0,0.18181818181818182
income_poverty_ratio,0.02,3.0,0.36363636363636365
income_poverty_ratio,0.03,0.0,0.18181818181818182
income_poverty_ratio,0.03,1.0,0.09090909090909091
income_poverty_ratio,0.03,2.0,0.5454545454545454
income_poverty_ratio,0.03,3.0,0.18181818181818182
income_poverty_ratio,0.04,0.0,0.2
income_poverty_ratio,0.04,1.0,0.12
income_poverty_ratio,0.04,2.0,0.44
income_poverty_ratio,0.04,3.0,0.24
income_poverty_ratio,0.05,0.0,0.2
income_poverty_ratio,0.05,1.0,0.0
income_poverty_ratio,0.05,2.0,0.5
income_poverty_ratio,0.05,3.0,0.3
income_poverty_ratio,0.06,0.0,0.0
income_poverty_ratio,0.06,1.0,0.0
income_poverty_ratio,0.06,2.0,1.0
income_poverty_ratio,0.06,3.0,0.0
income_poverty_ratio,0.07,0.0,0.14285714285714285
income_poverty_ratio,0.07,1.0,0.0
income_poverty_ratio,0.07,2.0,0.42857142857142855
income_poverty_ratio,0.07,3.0,0.42857142857142855
income_poverty_ratio,0.08,0.0,0.07692307692307693
income_poverty_ratio,0.08,1.0,0.07692307692307693
income_poverty_ratio,0.08,2.0,0.5384615384615384
income_poverty_ratio,0.08,3.0,0.3076923076923077
income_poverty_ratio,0.09,0.0,0.4444444444444444
income_poverty_ratio,0.09,1.0,0.1111111111111111
income_poverty_ratio,0.09,2.0,0.4444444444444444
income_poverty_ratio,0.09,3.0,0.0
income_poverty_ratio,0.1,0.0,0.2857142857142857
income_poverty_ratio,0.1,1.0,0.0
income_poverty_ratio,0.1,2.0,0.42857142857142855
income_poverty_ratio,0.1,3.0,0.2857142857142857
income_poverty_ratio,0.11,0.0,0.6666666666666666
income_poverty_ratio,0.11,1.0,0.0
income_poverty_ratio,0.11,2.0,0.0
income_poverty_ratio,0.11,3.0,0.3333333333333333
income_poverty_ratio,0.12,0.0,0.07692307692307693
income_poverty_ratio,0.12,1.0,0.0
income_poverty_ratio,0.12,2.0,0.6153846153846154
income_poverty_ratio,0.12,3.0,0.3076923076923077
income_poverty_ratio,0.13,0.0,0.3076923076923077
income_poverty_ratio,0.13,1.0,0.07692307692307693
income_poverty_ratio,0.13,2.0,0.38461538461538464
income_poverty_ratio,0.13,3.0,0.23076923076923078
income_poverty_ratio,0.14,0.0,0.0
income_poverty_ratio,0.14,1.0,0.0
income_poverty_ratio,0.14,2.0,1.0
income_poverty_ratio,0.14,3.0,0.0
income_poverty_ratio,0.15,0.0,0.375
income_poverty_ratio,0.15,1.0,0.0
income_poverty_ratio,0.15,2.0,0.25
income_poverty_ratio,0.15,3.0,0.375
income_poverty_ratio,0.16,0.0,0.14285714285714285
income_poverty_ratio,0.16,1.0,0.14285714285714285
income_poverty_ratio,0.16,2.0,0.42857142857142855
income_poverty_ratio,0.16,3.0,0.2857142857142857
income_poverty_ratio,0.17,0.0,0.36363636363636365
income_poverty_ratio,0.17,1.0,0.0
income_poverty_ratio,0.17,2.0,0.18181818181818182
income_poverty_ratio,0.17,3.0,0.45454545454545453
income_poverty_ratio,0.18,0.0,0.4444444444444444
income_poverty_ratio,0.18,1.0,0.0
income_poverty_ratio,0.18,2.0,0.2222222222222222
income_poverty_ratio,0.18,3.0,0.3333333333333333
income_poverty_ratio,0.19,0.0,0.5
income_poverty_ratio,0.19,1.0,0.125
income_poverty_ratio,0.19,2.0,0.25
income_poverty_ratio,0.19,3.0,0.125
income_poverty_ratio,0.2,0.0,0.14285714285714285
income_poverty_ratio,0.2,1.0,0.07142857142857142
income_poverty_ratio,0.2,2.0,0.35714285714285715
income_poverty_ratio,0.2,3.0,0.42857142857142855
income_poverty_ratio,0.21,0.0,0.0
income_poverty_ratio,0.21,1.0,0.0
income_poverty_ratio,0.21,2.0,0.6666666666666666
income_poverty_ratio,0.21,3.0,0.3333333333333333
income_poverty_ratio,0.22,0.0,0.5
income_poverty_ratio,0.22,1.0,0.0
income_poverty_ratio,0.22,2.0,0.25
income_poverty_ratio,0.22,3.0,0.25
income_poverty_ratio,0.23,0.0,0.2857142857142857
income_poverty_ratio,0.23,1.0,0.0
income_poverty_ratio,0.23,2.0,0.42857142857142855
income_poverty_ratio,0.23,3.0,0.2857142857142857
income_poverty_ratio,0.24,0.0,0.75
income_poverty_ratio,0.24,1.0,0.0
income_poverty_ratio,0.24,2.0,0.0
income_poverty_ratio,0.24,3.0,0.25
income_poverty_ratio,0.25,0.0,0.42857142857142855
income_poverty_ratio,0.25,1.0,0.0
income_poverty_ratio,0.25,2.0,0.5
income_poverty_ratio,0.25,3.0,0.07142857142857142
income_poverty_ratio,0.26,0.0,0.4
income_poverty_ratio,0.26,1.0,0.0
income_poverty_ratio,0.26,2.0,0.4
income_poverty_ratio,0.26,3.0,0.2
income_poverty_ratio,0.27,0.0,0.1111111111111111
income_poverty_ratio,0.27,1.0,0.0
income_poverty_ratio,0.27,2.0,0.5555555555555556
income_poverty_ratio,0.27,3.0,0.3333333333333333
income_poverty_ratio,0.28,0.0,0.3333333333333333
income_poverty_ratio,0.28,1.0,0.0
income_poverty_ratio,0.28,2.0,0.25
income_poverty_ratio,0.28,3.0,0.4166666666666667
income_poverty_ratio,0.29,0.0,0.14285714285714285
income_poverty_ratio,0.29,1.0,0.0
income_poverty_ratio,0.29,2.0,0.5714285714285714
income_poverty_ratio,0.29,3.0,0.2857142857142857
income_poverty_ratio,0.3,0.0,0.3333333333333333
income_poverty_ratio,0.3,1.0,0.1111111111111111
income_poverty_ratio,0.3,2.0,0.4444444444444444
income_poverty_ratio,0.3,3.0,0.1111111111111111
income_poverty_ratio,0.31,0.0,0.5
income_poverty_ratio,0.31,1.0,0.05555555555555555
income_poverty_ratio,0.31,2.0,0.16666666666666666
income_poverty_ratio,0.31,3.0,0.2777777777777778
income_poverty_ratio,0.32,0.0,0.0
income_poverty_ratio,0.32,1.0,0.0
income_poverty_ratio,0.32,2.0,0.25
income_poverty_ratio,0.32,3.0,0.75
income_poverty_ratio,0.33,0.0,0.29411764705882354
income_poverty_ratio,0.33,1.0,0.058823529411764705
income_poverty_ratio,0.33,2.0,0.35294117647058826
income_poverty_ratio,0.33,3.0,0.29411764705882354
income_poverty_ratio,0.34,0.0,0.09090909090909091
income_poverty_ratio,0.34,1.0,0.0
income_poverty_ratio,0.34,2.0,0.8181818181818182
income_poverty_ratio,0.34,3.0,0.09090909090909091
income_poverty_ratio,0.35,0.0,0.11538461538461539
income_poverty_ratio,0.35,1.0,0.038461538461538464
income_poverty_ratio,0.35,2.0,0.6153846153846154
income_poverty_ratio,0.35,3.0,0.23076923076923078
income_poverty_ratio,0.36,0.0,0.18181818181818182
income_poverty_ratio,0.36,1.0,0.18181818181818182
income_poverty_ratio,0.36,2.0,0.2727272727272727
income_poverty_ratio,0.36,3.0,0.36363636363636365
income_poverty_ratio,0.37,0.0,0.4
income_poverty_ratio,0.37,1.0,0.0
income_poverty_ratio,0.37,2.0,0.4
income_poverty_ratio,0.37,3.0,0.2
income_poverty_ratio,0.38,0.0,0.25
income_poverty_ratio,0.38,1.0,0.0
income_poverty_ratio,0.38,2.0,0.625
income_poverty_ratio,0.38,3.0,0.125
income_poverty_ratio,0.39,0.0,0.3333333333333333
income_poverty_ratio,0.39,1.0,0.08333333333333333
income_poverty_ratio,0.39,2.0,0.25
income_poverty_ratio,0.39,3.0,0.3333333333333333
income_poverty_ratio,0.4,0.0,0.3684210526315789
income_poverty_ratio,0.4,1.0,0.0
income_poverty_ratio,0.4,2.0,0.42105263157894735
income_poverty_ratio,0.4,3.0,0.21052631578947367
income_poverty_ratio,0.41,0.0,0.3181818181818182
income_poverty_ratio,0.41,1.0,0.045454545454545456
income_poverty_ratio,0.41,2.0,0.2727272727272727
income_poverty_ratio,0.41,3.0,0.36363636363636365
income_poverty_ratio,0.42,0.0,0.20833333333333334
income_poverty_ratio,0.42,1.0,0.125
income_poverty_ratio,0.42,2.0,0.25
income_poverty_ratio,0.42,3.0,0.4166666666666667
income_poverty_ratio,0.43,0.0,0.42105263157894735
income_poverty_ratio,0.43,1.0,0.0
income_poverty_ratio,0.43,2.0,0.21052631578947367
income_poverty_ratio,0.43,3.0,0.3684210526315789
income_poverty_ratio,0.44,0.0,0.2727272727272727
income_poverty_ratio,0.44,1.0,0.0
income_poverty_ratio,0.44,2.0,0.45454545454545453
income_poverty_ratio,0.44,3.0,0.2727272727272727
income_poverty_ratio,0.45,0.0,0.5833333333333334
income_poverty_ratio,0.45,1.0,0.08333333333333333
income_poverty_ratio,0.45,2.0,0.16666666666666666
income_poverty_ratio,0.45,3.0,0.16666666666666666
income_poverty_ratio,0.46,0.0,0.26666666666666666
income_poverty_ratio,0.46,1.0,0.0
income_poverty_ratio,0.46,2.0,0.5333333333333333
income_poverty_ratio,0.46,3.0,0.2
income_poverty_ratio,0.47,0.0,0.6666666666666666
income_poverty_ratio,0.47,1.0,0.0
income_poverty_ratio,0.47,2.0,0.25
income_poverty_ratio,0.47,3.0,0.08333333333333333
income_poverty_ratio,0.48,0.0,0.2857142857142857
income_poverty_ratio,0.48,1.0,0.0
income_poverty_ratio,0.48,2.0,0.5
income_poverty_ratio,0.48,3.0,0.21428571428571427
income_poverty_ratio,0.49,0.0,0.2
income_poverty_ratio,0.49,1.0,0.06666666666666667
income_poverty_ratio,0.49,2.0,0.4
income_poverty_ratio,0.49,3.0,0.3333333333333333
income_poverty_ratio,0.5,0.0,0.0
income_poverty_ratio,0.5,1.0,0.0
income_poverty_ratio,0.5,2.0,0.6153846153846154
income_poverty_ratio,0.5,3.0,0.38461538461538464
income_poverty_ratio,0.51,0.0,0.42857142857142855
income_poverty_ratio,0.51,1.0,0.0
income_poverty_ratio,0.51,2.0,0.25
income_poverty_ratio,0.51,3.0,0.32142857142857145
income_poverty_ratio,0.52,0.0,0.391304347826087
income_poverty_ratio,0.52,1.0,0.043478260869565216
income_poverty_ratio,0.52,2.0,0.4782608695652174
income_poverty_ratio,0.52,3.0,0.08695652173913043
income_poverty_ratio,0.53,0.0,0.4166666666666667
income_poverty_ratio,0.53,1.0,0.0
income_poverty_ratio,0.53,2.0,0.4166666666666667
income_poverty_ratio,0.53,3.0,0.16666666666666666
income_poverty_ratio,0.54,0.0,0.3333333333333333
income_poverty_ratio,0.54,1.0,0.0
income_poverty_ratio,0.54,2.0,0.4074074074074074
income_poverty_ratio,0.54,3.0,0.25925925925925924
income_poverty_ratio,0.55,0.0,0.3076923076923077
income_poverty_ratio,0.55,1.0,0.15384615384615385
income_poverty_ratio,0.55,2.0,0.15384615384615385
income_poverty_ratio,0.55,3.0,0.38461538461538464
income_poverty_ratio,0.56,0.0,0.2916666666666667
income_poverty_ratio,0.56,1.0,0.041666666666666664
income_poverty_ratio,0.56,2.0,0.375
income_poverty_ratio,0.56,3.0,0.2916666666666667
income_poverty_ratio,0.57,0.0,0.4444444444444444
income_poverty_ratio,0.57,1.0,0.05555555555555555
income_poverty_ratio,0.57,2.0,0.2222222222222222
income_poverty_ratio,0.57,3.0,0.2777777777777778
income_poverty_ratio,0.58,0.0,0.27586206896551724
income_poverty_ratio,0.58,1.0,0.10344827586206896
income_poverty_ratio,0.58,2.0,0.3793103448275862
income_poverty_ratio,0.58,3.0,0.2413793103448276
income_poverty_ratio,0.59,0.0,0.19047619047619047
income_poverty_ratio,0.59,1.0,0.0
income_poverty_ratio,0.59,2.0,0.5714285714285714
income_poverty_ratio,0.59,3.0,0.23809523809523808
income_poverty_ratio,0.6,0.0,0.23076923076923078
income_poverty_ratio,0.6,1.0,0.0
income_poverty_ratio,0.6,2.0,0.23076923076923078
income_poverty_ratio,0.6,3.0,0.5384615384615384
income_poverty_ratio,0.61,0.0,0.3103448275862069
income_poverty_ratio,0.61,1.0,0.034482758620689655
income_poverty_ratio,0.61,2.0,0.3793103448275862
income_poverty_ratio,0.61,3.0,0.27586206896551724
income_poverty_ratio,0.62,0.0,0.3333333333333333
income_poverty_ratio,0.62,1.0,0.07407407407407407
income_poverty_ratio,0.62,2.0,0.4444444444444444
income_poverty_ratio,0.62,3.0,0.14814814814814814
income_poverty_ratio,0.63,0.0,0.23076923076923078
income_poverty_ratio,0.63,1.0,0.0
income_poverty_ratio,0.63,2.0,0.46153846153846156
income_poverty_ratio,0.63,3.0,0.3076923076923077
income_poverty_ratio,0.64,0.0,0.43243243243243246
income_poverty_ratio,0.64,1.0,0.05405405405405406
income_poverty_ratio,0.64,2.0,0.35135135135135137
income_poverty_ratio,0.64,3.0,0.16216216216216217
income_poverty_ratio,0.65,0.0,0.2894736842105263
income_poverty_ratio,0.65,1.0,0.05263157894736842
income_poverty_ratio,0.65,2.0,0.34210526315789475
income_poverty_ratio,0.65,3.0,0.3157894736842105
income_poverty_ratio,0.66,0.0,0.2916666666666667
income_poverty_ratio,0.66,1.0,0.041666666666666664
income_poverty_ratio,0.66,2.0,0.375
income_poverty_ratio,0.66,3.0,0.2916666666666667
income_poverty_ratio,0.67,0.0,0.2903225806451613
income_poverty_ratio,0.67,1.0,0.06451612903225806
income_poverty_ratio,0.67,2.0,0.3548387096774194
income_poverty_ratio,0.67,3.0,0.2903225806451613
income_poverty_ratio,0.68,0.0,0.2222222222222222
income_poverty_ratio,0.68,1.0,0.1111111111111111
income_poverty_ratio,0.68,2.0,0.3611111111111111
income_poverty_ratio,0.68,3.0,0.3055555555555556
income_poverty_ratio,0.69,0.0,0.3
income_poverty_ratio,0.69,1.0,0.06666666666666667
income_poverty_ratio,0.69,2.0,0.4666666666666667
income_poverty_ratio,0.69,3.0,0.16666666666666666
income_poverty_ratio,0.7,0.0,0.3181818181818182
income_poverty_ratio,0.7,1.0,0.045454545454545456
income_poverty_ratio,0.7,2.0,0.36363636363636365
income_poverty_ratio,0.7,3.0,0.2727272727272727
income_poverty_ratio,0.71,0.0,0.21739130434782608
income_poverty_ratio,0.71,1.0,0.043478260869565216
income_poverty_ratio,0.71,2.0,0.5217391304347826
income_poverty_ratio,0.71,3.0,0.21739130434782608
income_poverty_ratio,0.72,0.0,0.35294117647058826
income_poverty_ratio,0.72,1.0,0.029411764705882353
income_poverty_ratio,0.72,2.0,0.23529411764705882
income_poverty_ratio,0.72,3.0,0.38235294117647056
income_poverty_ratio,0.73,0.0,0.3103448275862069
income_poverty_ratio,0.73,1.0,0.05172413793103448
income_poverty_ratio,0.73,2.0,0.29310344827586204
income_poverty_ratio,0.73,3.0,0.3448275862068966
income_poverty_ratio,0.74,0.0,0.16279069767441862
income_poverty_ratio,0.74,1.0,0.023255813953488372
income_poverty_ratio,0.74,2.0,0.5348837209302325
income_poverty_ratio,0.74,3.0,0.27906976744186046
income_poverty_ratio,0.75,0.0,0.27941176470588236
income_poverty_ratio,0.75,1.0,0.014705882352941176
income_poverty_ratio,0.75,2.0,0.4264705882352941
income_poverty_ratio,0.75,3.0,0.27941176470588236
income_poverty_ratio,0.76,0.0,0.3125
income_poverty_ratio,0.76,1.0,0.020833333333333332
income_poverty_ratio,0.76,2.0,0.4583333333333333
income_poverty_ratio,0.76,3.0,0.20833333333333334
income_poverty_ratio,0.77,0.0,0.23076923076923078
income_poverty_ratio,0.77,1.0,0.10256410256410256
income_poverty_ratio,0.77,2.0,0.48717948717948717
income_poverty_ratio,0.77,3.0,0.1794871794871795
income_poverty_ratio,0.78,0.0,0.14634146341463414
income_poverty_ratio,0.78,1.0,0.07317073170731707
income_poverty_ratio,0.78,2.0,0.5121951219512195
income_poverty_ratio,0.78,3.0,0.2682926829268293
income_poverty_ratio,0.79,0.0,0.23809523809523808
income_poverty_ratio,0.79,1.0,0.047619047619047616
income_poverty_ratio,0.79,2.0,0.47619047619047616
income_poverty_ratio,0.79,3.0,0.23809523809523808
income_poverty_ratio,0.8,0.0,0.25
income_poverty_ratio,0.8,1.0,0.0
income_poverty_ratio,0.8,2.0,0.4166666666666667
income_poverty_ratio,0.8,3.0,0.3333333333333333
income_poverty_ratio,0.81,0.0,0.35294117647058826
income_poverty_ratio,0.81,1.0,0.0
income_poverty_ratio,0.81,2.0,0.43137254901960786
income_poverty_ratio,0.81,3.0,0.21568627450980393
income_poverty_ratio,0.82,0.0,0.22448979591836735
income_poverty_ratio,0.82,1.0,0.061224489795918366
income_poverty_ratio,0.82,2.0,0.3673469387755102
income_poverty_ratio,0.82,3.0,0.3469387755102041
income_poverty_ratio,0.83,0.0,0.2571428571428571
income_poverty_ratio,0.83,1.0,0.0
income_poverty_ratio,0.83,2.0,0.45714285714285713
income_poverty_ratio,0.83,3.0,0.2857142857142857
income_poverty_ratio,0.84,0.0,0.2926829268292683
income_poverty_ratio,0.84,1.0,0.0
income_poverty_ratio,0.84,2.0,0.4878048780487805
income_poverty_ratio,0.84,3.0,0.21951219512195122
income_poverty_ratio,0.85,0.0,0.2972972972972973
income_poverty_ratio,0.85,1.0,0.02702702702702703
income_poverty_ratio,0.85,2.0,0.35135135135135137
income_poverty_ratio,0.85,3.0,0.32432432432432434
income_poverty_ratio,0.86,0.0,0.3673469387755102
income_poverty_ratio,0.86,1.0,0.08163265306122448
income_poverty_ratio,0.86,2.0,0.3469387755102041
income_poverty_ratio,0.86,3.0,0.20408163265306123
income_poverty_ratio,0.87,0.0,0.3728813559322034
income_poverty_ratio,0.87,1.0,0.03389830508474576
income_poverty_ratio,0.87,2.0,0.3050847457627119
income_poverty_ratio,0.87,3.0,0.288135593220339
income_poverty_ratio,0.88,0.0,0.14285714285714285
income_poverty_ratio,0.88,1.0,0.10714285714285714
income_poverty_ratio,0.88,2.0,0.42857142857142855
income_poverty_ratio,0.88,3.0,0.32142857142857145
income_poverty_ratio,0.89,0.0,0.3783783783783784
income_poverty_ratio,0.89,1.0,0.02702702702702703
income_poverty_ratio,0.89,2.0,0.2702702702702703
income_poverty_ratio,0.89,3.0,0.32432432432432434
income_poverty_ratio,0.9,0.0,0.3448275862068966
income_poverty_ratio,0.9,1.0,0.0
income_poverty_ratio,0.9,2.0,0.3793103448275862
income_poverty_ratio,0.9,3.0,0.27586206896551724
income_poverty_ratio,0.91,0.0,0.3548387096774194
income_poverty_ratio,0.91,1.0,0.0
income_poverty_ratio,0.91,2.0,0.45161290322580644
income_poverty_ratio,0.91,3.0,0.1935483870967742
income_poverty_ratio,0.92,0.0,0.2549019607843137
income_poverty_ratio,0.92,1.0,0.0784313725490196
income_poverty_ratio,0.92,2.0,0.4117647058823529
income_poverty_ratio,0.92,3.0,0.2549019607843137
income_poverty_ratio,0.93,0.0,0.21428571428571427
income_poverty_ratio,0.93,1.0,0.0
income_poverty_ratio,0.93,2.0,0.39285714285714285
income_poverty_ratio,0.93,3.0,0.39285714285714285
income_poverty_ratio,0.94,0.0,0.3235294117647059
income_poverty_ratio,0.94,1.0,0.08823529411764706
income_poverty_ratio,0.94,2.0,0.35294117647058826
income_poverty_ratio,0.94,3.0,0.23529411764705882
income_poverty_ratio,0.95,0.0,0.325
income_poverty_ratio,0.95,1.0,0.025
income_poverty_ratio,0.95,2.0,0.35
income_poverty_ratio,0.95,3.0,0.3
income_poverty_ratio,0.96,0.0,0.14285714285714285
income_poverty_ratio,0.96,1.0,0.0
income_poverty_ratio,0.96,2.0,0.5238095238095238
income_poverty_ratio,0.96,3.0,0.3333333333333333
income_poverty_ratio,0.97,0.0,0.23529411764705882
income_poverty_ratio,0.97,1.0,0.0
income_poverty_ratio,0.97,2.0,0.5294117647058824
income_poverty_ratio,0.97,3.0,0.23529411764705882
income_poverty_ratio,0.98,0.0,0.29411764705882354
income_poverty_ratio,0.98,1.0,0.0
income_poverty_ratio,0.98,2.0,0.3235294117647059
income_poverty_ratio,0.98,3.0,0.38235294117647056
income_poverty_ratio,0.99,0.0,0.2926829268292683
income_poverty_ratio,0.99,1.0,0.0975609756097561
income_poverty_ratio,0.99,2.0,0.4878048780487805
income_poverty_ratio,0.99,3.0,0.12195121951219512
income_poverty_ratio,1.0,0.0,0.37254901960784315
income_poverty_ratio,1.0,1.0,0.0196078431372549
income_poverty_ratio,1.0,2.0,0.29411764705882354
income_poverty_ratio,1.0,3.0,0.3137254901960784
income_poverty_ratio,1.01,0.0,0.36666666666666664
income_poverty_ratio,1.01,1.0,0.06666666666666667
income_poverty_ratio,1.01,2.0,0.3333333333333333
income_poverty_ratio,1.01,3.0,0.23333333333333334
income_poverty_ratio,1.02,0.0,0.3333333333333333
income_poverty_ratio,1.02,1.0,0.06349206349206349
income_poverty_ratio,1.02,2.0,0.36507936507936506
income_poverty_ratio,1.02,3.0,0.23809523809523808
income_poverty_ratio,1.03,0.0,0.23529411764705882
income_poverty_ratio,1.03,1.0,0.058823529411764705
income_poverty_ratio,1.03,2.0,0.43137254901960786
income_poverty_ratio,1.03,3.0,0.27450980392156865
income_poverty_ratio,1.04,0.0,0.3333333333333333
income_poverty_ratio,1.04,1.0,0.030303030303030304
income_poverty_ratio,1.04,2.0,0.45454545454545453
income_poverty_ratio,1.04,3.0,0.18181818181818182
income_poverty_ratio,1.05,0.0,0.3333333333333333
income_poverty_ratio,1.05,1.0,0.03333333333333333
income_poverty_ratio,1.05,2.0,0.26666666666666666
income_poverty_ratio,1.05,3.0,0.36666666666666664
income_poverty_ratio,1.06,0.0,0.3333333333333333
income_poverty_ratio,1.06,1.0,0.1
income_poverty_ratio,1.06,2.0,0.36666666666666664
income_poverty_ratio,1.06,3.0,0.2
income_poverty_ratio,1.07,0.0,0.4444444444444444
income_poverty_ratio,1.07,1.0,0.027777777777777776
income_poverty_ratio,1.07,2.0,0.2777777777777778
income_poverty_ratio,1.07,3.0,0.25
income_poverty_ratio,1.08,0.0,0.26666666666666666
income_poverty_ratio,1.08,1.0,0.044444444444444446
income_poverty_ratio,1.08,2.0,0.4444444444444444
income_poverty_ratio,1.08,3.0,0.24444444444444444
income_poverty_ratio,1.09,0.0,0.36
income_poverty_ratio,1.09,1.0,0.04
income_poverty_ratio,1.09,2.0,0.44
income_poverty_ratio,1.09,3.0,0.16
income_poverty_ratio,1.1,0.0,0.25
income_poverty_ratio,1.1,1.0,0.09615384615384616
income_poverty_ratio,1.1,2.0,0.4230769230769231
income_poverty_ratio,1.1,3.0,0.23076923076923078
income_poverty_ratio,1.11,0.0,0.3076923076923077
income_poverty_ratio,1.11,1.0,0.07692307692307693
income_poverty_ratio,1.11,2.0,0.41025641025641024
income_poverty_ratio,1.11,3.0,0.20512820512820512
income_poverty_ratio,1.12,0.0,0.4
income_poverty_ratio,1.12,1.0,0.0
income_poverty_ratio,1.12,2.0,0.26666666666666666
income_poverty_ratio,1.12,3.0,0.3333333333333333
income_poverty_ratio,1.13,0.0,0.40625
income_poverty_ratio,1.13,1.0,0.03125
income_poverty_ratio,1.13,2.0,0.40625
income_poverty_ratio,1.13,3.0,0.15625
income_poverty_ratio,1.14,0.0,0.2
income_poverty_ratio,1.14,1.0,0.0
income_poverty_ratio,1.14,2.0,0.6
income_poverty_ratio,1.14,3.0,0.2
income_poverty_ratio,1.15,0.0,0.3448275862068966
income_poverty_ratio,1.15,1.0,0.06896551724137931
income_poverty_ratio,1.15,2.0,0.41379310344827586
income_poverty_ratio,1.15,3.0,0.1724137931034483
income_poverty_ratio,1.16,0.0,0.37254901960784315
income_poverty_ratio,1.16,1.0,0.0784313725490196
income_poverty_ratio,1.16,2.0,0.3333333333333333
income_poverty_ratio,1.16,3.0,0.21568627450980393
income_poverty_ratio,1.17,0.0,0.2777777777777778
income_poverty_ratio,1.17,1.0,0.0
income_poverty_ratio,1.17,2.0,0.5
income_poverty_ratio,1.17,3.0,0.2222222222222222
income_poverty_ratio,1.18,0.0,0.25
income_poverty_ratio,1.18,1.0,0.03125
income_poverty_ratio,1.18,2.0,0.59375
income_poverty_ratio,1.18,3.0,0.125
income_poverty_ratio,1.19,0.0,0.23404255319148937
income_poverty_ratio,1.19,1.0,0.0
income_poverty_ratio,1.19,2.0,0.3829787234042553
income_poverty_ratio,1.19,3.0,0.3829787234042553
income_poverty_ratio,1.2,0.0,0.23529411764705882
income_poverty_ratio,1.2,1.0,0.11764705882352941
income_poverty_ratio,1.2,2.0,0.4411764705882353
income_poverty_ratio,1.2,3.0,0.20588235294117646
income_poverty_ratio,1.21,0.0,0.4642857142857143
income_poverty_ratio,1.21,1.0,0.07142857142857142
income_poverty_ratio,1.21,2.0,0.39285714285714285
income_poverty_ratio,1.21,3.0,0.07142857142857142
income_poverty_ratio,1.22,0.0,0.2833333333333333
income_poverty_ratio,1.22,1.0,0.05
income_poverty_ratio,1.22,2.0,0.43333333333333335
income_poverty_ratio,1.22,3.0,0.23333333333333334
income_poverty_ratio,1.23,0.0,0.28205128205128205
income_poverty_ratio,1.23,1.0,0.0
income_poverty_ratio,1.23,2.0,0.358974358974359
income_poverty_ratio,1.23,3.0,0.358974358974359
income_poverty_ratio,1.24,0.0,0.23809523809523808
income_poverty_ratio,1.24,1.0,0.023809523809523808
income_poverty_ratio,1.24,2.0,0.40476190476190477
income_poverty_ratio,1.24,3.0,0.3333333333333333
income_poverty_ratio,1.25,0.0,0.40625
income_poverty_ratio,1.25,1.0,0.03125
income_poverty_ratio,1.25,2.0,0.28125
income_poverty_ratio,1.25,3.0,0.28125
income_poverty_ratio,1.26,0.0,0.5106382978723404
income_poverty_ratio,1.26,1.0,0.10638297872340426
income_poverty_ratio,1.26,2.0,0.2765957446808511
income_poverty_ratio,1.26,3.0,0.10638297872340426
income_poverty_ratio,1.27,0.0,0.2978723404255319
income_poverty_ratio,1.27,1.0,0.10638297872340426
income_poverty_ratio,1.27,2.0,0.3829787234042553
income_poverty_ratio,1.27,3.0,0.2127659574468085
income_poverty_ratio,1.28,0.0,0.4666666666666667
income_poverty_ratio,1.28,1.0,0.0
income_poverty_ratio,1.28,2.0,0.4
income_poverty_ratio,1.28,3.0,0.13333333333333333
income_poverty_ratio,1.29,0.0,0.2714285714285714
income_poverty_ratio,1.29,1.0,0.05714285714285714
income_poverty_ratio,1.29,2.0,0.4
income_poverty_ratio,1.29,3.0,0.2714285714285714
income_poverty_ratio,1.3,0.0,0.3333333333333333
income_poverty_ratio,1.3,1.0,0.047619047619047616
income_poverty_ratio,1.3,2.0,0.47619047619047616
income_poverty_ratio,1.3,3.0,0.14285714285714285
income_poverty_ratio,1.31,0.0,0.2777777777777778
income_poverty_ratio,1.31,1.0,0.05555555555555555
income_poverty_ratio,1.31,2.0,0.5555555555555556
income_poverty_ratio,1.31,3.0,0.1111111111111111
income_poverty_ratio,1.32,0.0,0.4444444444444444
income_poverty_ratio,1.32,1.0,0.0
income_poverty_ratio,1.32,2.0,0.2962962962962963
income_poverty_ratio,1.32,3.0,0.25925925925925924
income_poverty_ratio,1.33,0.0,0.25
income_poverty_ratio,1.33,1.0,0.16666666666666666
income_poverty_ratio,1.33,2.0,0.375
income_poverty_ratio,1.33,3.0,0.20833333333333334
income_poverty_ratio,1.34,0.0,0.29411764705882354
income_poverty_ratio,1.34,1.0,0.029411764705882353
income_poverty_ratio,1.34,2.0,0.4411764705882353
income_poverty_ratio,1.34,3.0,0.23529411764705882
income_poverty_ratio,1.35,0.0,0.2962962962962963
income_poverty_ratio,1.35,1.0,0.0
income_poverty_ratio,1.35,2.0,0.5555555555555556
income_poverty_ratio,1.35,3.0,0.14814814814814814
income_poverty_ratio,1.36,0.0,0.46875
income_poverty_ratio,1.36,1.0,0.03125
income_poverty_ratio,1.36,2.0,0.1875
income_poverty_ratio,1.36,3.0,0.3125
income_poverty_ratio,1.37,0.0,0.3
income_poverty_ratio,1.37,1.0,0.05
income_poverty_ratio,1.37,2.0,0.45
income_poverty_ratio,1.37,3.0,0.2
income_poverty_ratio,1.38,0.0,0.44
income_poverty_ratio,1.38,1.0,0.0
income_poverty_ratio,1.38,2.0,0.28
income_poverty_ratio,1.38,3.0,0.28
income_poverty_ratio,1.39,0.0,0.48484848484848486
income_poverty_ratio,1.39,1.0,0.030303030303030304
income_poverty_ratio,1.39,2.0,0.36363636363636365
income_poverty_ratio,1.39,3.0,0.12121212121212122
income_poverty_ratio,1.4,0.0,0.16666666666666666
income_poverty_ratio,1.4,1.0,0.08333333333333333
income_poverty_ratio,1.4,2.0,0.5
income_poverty_ratio,1.4,3.0,0.25
income_poverty_ratio,1.41,0.0,0.25
income_poverty_ratio,1.41,1.0,0.0
income_poverty_ratio,1.41,2.0,0.45
income_poverty_ratio,1.41,3.0,0.3
income_poverty_ratio,1.42,0.0,0.26666666666666666
income_poverty_ratio,1.42,1.0,0.2
income_poverty_ratio,1.42,2.0,0.26666666666666666
income_poverty_ratio,1.42,3.0,0.26666666666666666
income_poverty_ratio,1.43,0.0,0.4117647058823529
income_poverty_ratio,1.43,1.0,0.029411764705882353
income_poverty_ratio,1.43,2.0,0.3235294117647059
income_poverty_ratio,1.43,3.0,0.23529411764705882
income_poverty_ratio,1.44,0.0,0.2692307692307692
income_poverty_ratio,1.44,1.0,0.07692307692307693
income_poverty_ratio,1.44,2.0,0.4230769230769231
income_poverty_ratio,1.44,3.0,0.23076923076923078
income_poverty_ratio,1.45,0.0,0.42857142857142855
income_poverty_ratio,1.45,1.0,0.07142857142857142
income_poverty_ratio,1.45,2.0,0.2857142857142857
income_poverty_ratio,1.45,3.0,0.21428571428571427
income_poverty_ratio,1.46,0.0,0.17391304347826086
income_poverty_ratio,1.46,1.0,0.043478260869565216
income_poverty_ratio,1.46,2.0,0.5217391304347826
income_poverty_ratio,1.46,3.0,0.2608695652173913
income_poverty_ratio,1.47,0.0,0.3684210526315789
income_poverty_ratio,1.47,1.0,0.05263157894736842
income_poverty_ratio,1.47,2.0,0.5263157894736842
income_poverty_ratio,1.47,3.0,0.05263157894736842
income_poverty_ratio,1.48,0.0,0.26666666666666666
income_poverty_ratio,1.48,1.0,0.1
income_poverty_ratio,1.48,2.0,0.4666666666666667
income_poverty_ratio,1.48,3.0,0.16666666666666666
income_poverty_ratio,1.49,0.0,0.29545454545454547
income_poverty_ratio,1.49,1.0,0.045454545454545456
income_poverty_ratio,1.49,2.0,0.3409090909090909
income_poverty_ratio,1.49,3.0,0.3181818181818182
income_poverty_ratio,1.5,0.0,0.4117647058823529
income_poverty_ratio,1.5,1.0,0.0
income_poverty_ratio,1.5,2.0,0.35294117647058826
income_poverty_ratio,1.5,3.0,0.23529411764705882
income_poverty_ratio,1.51,0.0,0.3
income_poverty_ratio,1.51,1.0,0.05
income_poverty_ratio,1.51,2.0,0.45
income_poverty_ratio,1.51,3.0,0.2
income_poverty_ratio,1.52,0.0,0.4146341463414634
income_poverty_ratio,1.52,1.0,0.024390243902439025
income_poverty_ratio,1.52,2.0,0.36585365853658536
income_poverty_ratio,1.52,3.0,0.1951219512195122
income_poverty_ratio,1.53,0.0,0.10526315789473684
income_poverty_ratio,1.53,1.0,0.05263157894736842
income_poverty_ratio,1.53,2.0,0.6842105263157895
income_poverty_ratio,1.53,3.0,0.15789473684210525
income_poverty_ratio,1.54,0.0,0.39473684210526316
income_poverty_ratio,1.54,1.0,0.05263157894736842
income_poverty_ratio,1.54,2.0,0.3157894736842105
income_poverty_ratio,1.54,3.0,0.23684210526315788
income_poverty_ratio,1.55,0.0,0.5333333333333333
income_poverty_ratio,1.55,1.0,0.0
income_poverty_ratio,1.55,2.0,0.3333333333333333
income_poverty_ratio,1.55,3.0,0.13333333333333333
income_poverty_ratio,1.56,0.0,0.4583333333333333
income_poverty_ratio,1.56,1.0,0.0
income_poverty_ratio,1.56,2.0,0.3333333333333333
income_poverty_ratio,1.56,3.0,0.20833333333333334
income_poverty_ratio,1.57,0.0,0.43243243243243246
income_poverty_ratio,1.57,1.0,0.0
income_poverty_ratio,1.57,2.0,0.35135135135135137
income_poverty_ratio,1.57,3.0,0.21621621621621623
income_poverty_ratio,1.58,0.0,0.2727272727272727
income_poverty_ratio,1.58,1.0,0.09090909090909091
income_poverty_ratio,1.58,2.0,0.4090909090909091
income_poverty_ratio,1.58,3.0,0.22727272727272727
income_poverty_ratio,1.59,0.0,0.43333333333333335
income_poverty_ratio,1.59,1.0,0.0
income_poverty_ratio,1.59,2.0,0.36666666666666664
income_poverty_ratio,1.59,3.0,0.2
income_poverty_ratio,1.6,0.0,0.18181818181818182
income_poverty_ratio,1.6,1.0,0.09090909090909091
income_poverty_ratio,1.6,2.0,0.5454545454545454
income_poverty_ratio,1.6,3.0,0.18181818181818182
income_poverty_ratio,1.61,0.0,0.4375
income_poverty_ratio,1.61,1.0,0.0625
income_poverty_ratio,1.61,2.0,0.3125
income_poverty_ratio,1.61,3.0,0.1875
income_poverty_ratio,1.62,0.0,0.2857142857142857
income_poverty_ratio,1.62,1.0,0.047619047619047616
income_poverty_ratio,1.62,2.0,0.38095238095238093
income_poverty_ratio,1.62,3.0,0.2857142857142857
income_poverty_ratio,1.63,0.0,0.35714285714285715
income_poverty_ratio,1.63,1.0,0.0
income_poverty_ratio,1.63,2.0,0.4642857142857143
income_poverty_ratio,1.63,3.0,0.17857142857142858
income_poverty_ratio,1.64,0.0,0.2631578947368421
income_poverty_ratio,1.64,1.0,0.10526315789473684
income_poverty_ratio,1.64,2.0,0.42105263157894735
income_poverty_ratio,1.64,3.0,0.21052631578947367
income_poverty_ratio,1.65,0.0,0.47619047619047616
income_poverty_ratio,1.65,1.0,0.023809523809523808
income_poverty_ratio,1.65,2.0,0.3333333333333333
income_poverty_ratio,1.65,3.0,0.16666666666666666
income_poverty_ratio,1.66,0.0,0.3076923076923077
income_poverty_ratio,1.66,1.0,0.07692307692307693
income_poverty_ratio,1.66,2.0,0.38461538461538464
income_poverty_ratio,1.66,3.0,0.23076923076923078
income_poverty_ratio,1.67,0.0,0.23529411764705882
income_poverty_ratio,1.67,1.0,0.17647058823529413
income_poverty_ratio,1.67,2.0,0.4117647058823529
income_poverty_ratio,1.67,3.0,0.17647058823529413
income_poverty_ratio,1.68,0.0,0.4827586206896552
income_poverty_ratio,1.68,1.0,0.06896551724137931
income_poverty_ratio,1.68,2.0,0.3448275862068966
income_poverty_ratio,1.68,3.0,0.10344827586206896
income_poverty_ratio,1.69,0.0,0.32
income_poverty_ratio,1.69,1.0,0.0
income_poverty_ratio,1.69,2.0,0.4
income_poverty_ratio,1.69,3.0,0.28
income_poverty_ratio,1.7,0.0,0.525
income_poverty_ratio,1.7,1.0,0.05
income_poverty_ratio,1.7,2.0,0.25
income_poverty_ratio,1.7,3.0,0.175
income_poverty_ratio,1.71,0.0,0.3333333333333333
income_poverty_ratio,1.71,1.0,0.0
income_poverty_ratio,1.71,2.0,0.5
income_poverty_ratio,1.71,3.0,0.16666666666666666
income_poverty_ratio,1.72,0.0,0.45454545454545453
income_poverty_ratio,1.72,1.0,0.0
income_poverty_ratio,1.72,2.0,0.3181818181818182
income_poverty_ratio,1.72,3.0,0.22727272727272727
income_poverty_ratio,1.73,0.0,0.5714285714285714
income_poverty_ratio,1.73,1.0,0.0
income_poverty_ratio,1.73,2.0,0.35714285714285715
income_poverty_ratio,1.73,3.0,0.07142857142857142
income_poverty_ratio,1.74,0.0,0.3333333333333333
income_poverty_ratio,1.74,1.0,0.06060606060606061
income_poverty_ratio,1.74,2.0,0.30303030303030304
income_poverty_ratio,1.74,3.0,0.30303030303030304
income_poverty_ratio,1.75,0.0,0.2
income_poverty_ratio,1.75,1.0,0.1
income_poverty_ratio,1.75,2.0,0.45
income_poverty_ratio,1.75,3.0,0.25
income_poverty_ratio,1.76,0.0,0.16666666666666666
income_poverty_ratio,1.76,1.0,0.16666666666666666
income_poverty_ratio,1.76,2.0,0.4444444444444444
income_poverty_ratio,1.76,3.0,0.2222222222222222
income_poverty_ratio,1.77,0.0,0.23076923076923078
income_poverty_ratio,1.77,1.0,0.07692307692307693
income_poverty_ratio,1.77,2.0,0.38461538461538464
income_poverty_ratio,1.77,3.0,0.3076923076923077
income_poverty_ratio,1.78,0.0,0.5
income_poverty_ratio,1.78,1.0,0.0
income_poverty_ratio,1.78,2.0,0.375
income_poverty_ratio,1.78,3.0,0.125
income_poverty_ratio,1.79,0.0,0.2857142857142857
income_poverty_ratio,1.79,1.0,0.07142857142857142
income_poverty_ratio,1.79,2.0,0.38095238095238093
income_poverty_ratio,1.79,3.0,0.2619047619047619
income_poverty_ratio,1.8,0.0,0.3333333333333333
income_poverty_ratio,1.8,1.0,0.0
income_poverty_ratio,1.8,2.0,0.5833333333333334
income_poverty_ratio,1.8,3.0,0.08333333333333333
income_poverty_ratio,1.81,0.0,0.30434782608695654
income_poverty_ratio,1.81,1.0,0.043478260869565216
income_poverty_ratio,1.81,2.0,0.43478260869565216
income_poverty_ratio,1.81,3.0,0.21739130434782608
income_poverty_ratio,1.82,0.0,0.3
income_poverty_ratio,1.82,1.0,0.03333333333333333
income_poverty_ratio,1.82,2.0,0.3333333333333333
income_poverty_ratio,1.82,3.0,0.3333333333333333
income_poverty_ratio,1.83,0.0,0.3
income_poverty_ratio,1.83,1.0,0.05
income_poverty_ratio,1.83,2.0,0.45
income_poverty_ratio,1.83,3.0,0.2
income_poverty_ratio,1.84,0.0,0.3333333333333333
income_poverty_ratio,1.84,1.0,0.08333333333333333
income_poverty_ratio,1.84,2.0,0.5
income_poverty_ratio,1.84,3.0,0.08333333333333333
income_poverty_ratio,1.85,0.0,0.3939393939393939
income_poverty_ratio,1.85,1.0,0.0
income_poverty_ratio,1.85,2.0,0.45454545454545453
income_poverty_ratio,1.85,3.0,0.15151515151515152
income_poverty_ratio,1.86,0.0,0.2
income_poverty_ratio,1.86,1.0,0.0
income_poverty_ratio,1.86,2.0,0.2
income_poverty_ratio,1.86,3.0,0.6
income_poverty_ratio,1.87,0.0,0.47619047619047616
income_poverty_ratio,1.87,1.0,0.09523809523809523
income_poverty_ratio,1.87,2.0,0.23809523809523808
income_poverty_ratio,1.87,3.0,0.19047619047619047
income_poverty_ratio,1.88,0.0,0.26666666666666666
income_poverty_ratio,1.88,1.0,0.0
income_poverty_ratio,1.88,2.0,0.5333333333333333
income_poverty_ratio,1.88,3.0,0.2
income_poverty_ratio,1.89,0.0,0.4642857142857143
income_poverty_ratio,1.89,1.0,0.0
income_poverty_ratio,1.89,2.0,0.39285714285714285
income_poverty_ratio,1.89,3.0,0.14285714285714285
income_poverty_ratio,1.9,0.0,0.4444444444444444
income_poverty_ratio,1.9,1.0,0.1111111111111111
income_poverty_ratio,1.9,2.0,0.2222222222222222
income_poverty_ratio,1.9,3.0,0.2222222222222222
income_poverty_ratio,1.91,0.0,0.39473684210526316
income_poverty_ratio,1.91,1.0,0.05263157894736842
income_poverty_ratio,1.91,2.0,0.4473684210526316
income_poverty_ratio,1.91,3.0,0.10526315789473684
income_poverty_ratio,1.92,0.0,0.375
income_poverty_ratio,1.92,1.0,0.0625
income_poverty_ratio,1.92,2.0,0.25
income_poverty_ratio,1.92,3.0,0.3125
income_poverty_ratio,1.93,0.0,0.48148148148148145
income_poverty_ratio,1.93,1.0,0.07407407407407407
income_poverty_ratio,1.93,2.0,0.25925925925925924
income_poverty_ratio,1.93,3.0,0.18518518518518517
income_poverty_ratio,1.94,0.0,0.42105263157894735
income_poverty_ratio,1.94,1.0,0.10526315789473684
income_poverty_ratio,1.94,2.0,0.2631578947368421
income_poverty_ratio,1.94,3.0,0.21052631578947367
income_poverty_ratio,1.95,0.0,0.4166666666666667
income_poverty_ratio,1.95,1.0,0.08333333333333333
income_poverty_ratio,1.95,2.0,0.3333333333333333
income_poverty_ratio,1.95,3.0,0.16666666666666666
income_poverty_ratio,1.96,0.0,0.38461538461538464
income_poverty_ratio,1.96,1.0,0.07692307692307693
income_poverty_ratio,1.96,2.0,0.38461538461538464
income_poverty_ratio,1.96,3.0,0.15384615384615385
income_poverty_ratio,1.97,0.0,0.1111111111111111
income_poverty_ratio,1.97,1.0,0.05555555555555555
income_poverty_ratio,1.97,2.0,0.5
income_poverty_ratio,1.97,3.0,0.3333333333333333
income_poverty_ratio,1.98,0.0,0.6428571428571429
income_poverty_ratio,1.98,1.0,0.03571428571428571
income_poverty_ratio,1.98,2.0,0.17857142857142858
income_poverty_ratio,1.98,3.0,0.14285714285714285
income_poverty_ratio,1.99,0.0,0.42857142857142855
income_poverty_ratio,1.99,1.0,0.14285714285714285
income_poverty_ratio,1.99,2.0,0.42857142857142855
income_poverty_ratio,1.99,3.0,0.0
income_poverty_ratio,2.0,0.0,0.23529411764705882
income_poverty_ratio,2.0,1.0,0.11764705882352941
income_poverty_ratio,2.0,2.0,0.35294117647058826
income_poverty_ratio,2.0,3.0,0.29411764705882354
income_poverty_ratio,2.01,0.0,0.4444444444444444
income_poverty_ratio,2.01,1.0,0.0
income_poverty_ratio,2.01,2.0,0.3333333333333333
income_poverty_ratio,2.01,3.0,0.2222222222222222
income_poverty_ratio,2.02,0.0,0.37037037037037035
income_poverty_ratio,2.02,1.0,0.07407407407407407
income_poverty_ratio,2.02,2.0,0.4074074074074074
income_poverty_ratio,2.02,3.0,0.14814814814814814
income_poverty_ratio,2.03,0.0,0.2857142857142857
income_poverty_ratio,2.03,1.0,0.07142857142857142
income_poverty_ratio,2.03,2.0,0.35714285714285715
income_poverty_ratio,2.03,3.0,0.2857142857142857
income_poverty_ratio,2.04,0.0,0.5142857142857142
income_poverty_ratio,2.04,1.0,0.05714285714285714
income_poverty_ratio,2.04,2.0,0.17142857142857143
income_poverty_ratio,2.04,3.0,0.2571428571428571
income_poverty_ratio,2.05,0.0,0.2222222222222222
income_poverty_ratio,2.05,1.0,0.1111111111111111
income_poverty_ratio,2.05,2.0,0.4444444444444444
income_poverty_ratio,2.05,3.0,0.2222222222222222
income_poverty_ratio,2.06,0.0,0.38461538461538464
income_poverty_ratio,2.06,1.0,0.038461538461538464
income_poverty_ratio,2.06,2.0,0.4230769230769231
income_poverty_ratio,2.06,3.0,0.15384615384615385
income_poverty_ratio,2.07,0.0,0.42105263157894735
income_poverty_ratio,2.07,1.0,0.05263157894736842
income_poverty_ratio,2.07,2.0,0.42105263157894735
income_poverty_ratio,2.07,3.0,0.10526315789473684
income_poverty_ratio,2.08,0.0,0.2
income_poverty_ratio,2.08,1.0,0.2
income_poverty_ratio,2.08,2.0,0.4
income_poverty_ratio,2.08,3.0,0.2
income_poverty_ratio,2.09,0.0,0.3125
income_poverty_ratio,2.09,1.0,0.0625
income_poverty_ratio,2.09,2.0,0.25
income_poverty_ratio,2.09,3.0,0.375
income_poverty_ratio,2.1,0.0,0.3684210526315789
income_poverty_ratio,2.1,1.0,0.0
income_poverty_ratio,2.1,2.0,0.5789473684210527
income_poverty_ratio,2.1,3.0,0.05263157894736842
income_poverty_ratio,2.11,0.0,0.4117647058823529
income_poverty_ratio,2.11,1.0,0.058823529411764705
income_poverty_ratio,2.11,2.0,0.35294117647058826
income_poverty_ratio,2.11,3.0,0.17647058823529413
income_poverty_ratio,2.12,0.0,0.4117647058823529
income_poverty_ratio,2.12,1.0,0.058823529411764705
income_poverty_ratio,2.12,2.0,0.35294117647058826
income_poverty_ratio,2.12,3.0,0.17647058823529413
income_poverty_ratio,2.13,0.0,0.3333333333333333
income_poverty_ratio,2.13,1.0,0.0
income_poverty_ratio,2.13,2.0,0.3333333333333333
income_poverty_ratio,2.13,3.0,0.3333333333333333
income_poverty_ratio,2.14,0.0,0.23076923076923078
income_poverty_ratio,2.14,1.0,0.0
income_poverty_ratio,2.14,2.0,0.46153846153846156
income_poverty_ratio,2.14,3.0,0.3076923076923077
income_poverty_ratio,2.15,0.0,0.47368421052631576
income_poverty_ratio,2.15,1.0,0.0
income_poverty_ratio,2.15,2.0,0.15789473684210525
income_poverty_ratio,2.15,3.0,0.3684210526315789
income_poverty_ratio,2.16,0.0,0.4
income_poverty_ratio,2.16,1.0,0.05
income_poverty_ratio,2.16,2.0,0.35
income_poverty_ratio,2.16,3.0,0.2
income_poverty_ratio,2.17,0.0,0.3076923076923077
income_poverty_ratio,2.17,1.0,0.0
income_poverty_ratio,2.17,2.0,0.23076923076923078
income_poverty_ratio,2.17,3.0,0.46153846153846156
income_poverty_ratio,2.18,0.0,0.4166666666666667
income_poverty_ratio,2.18,1.0,0.041666666666666664
income_poverty_ratio,2.18,2.0,0.20833333333333334
income_poverty_ratio,2.18,3.0,0.3333333333333333
income_poverty_ratio,2.19,0.0,0.5384615384615384
income_poverty_ratio,2.19,1.0,0.07692307692307693
income_poverty_ratio,2.19,2.0,0.2692307692307692
income_poverty_ratio,2.19,3.0,0.11538461538461539
income_poverty_ratio,2.2,0.0,0.5
income_poverty_ratio,2.2,1.0,0.0625
income_poverty_ratio,2.2,2.0,0.25
income_poverty_ratio,2.2,3.0,0.1875
income_poverty_ratio,2.21,0.0,0.6666666666666666
income_poverty_ratio,2.21,1.0,0.0
income_poverty_ratio,2.21,2.0,0.3333333333333333
income_poverty_ratio,2.21,3.0,0.0
income_poverty_ratio,2.22,0.0,0.4
income_poverty_ratio,2.22,1.0,0.0
income_poverty_ratio,2.22,2.0,0.3
income_poverty_ratio,2.22,3.0,0.3
income_poverty_ratio,2.23,0.0,0.30434782608695654
income_poverty_ratio,2.23,1.0,0.0
income_poverty_ratio,2.23,2.0,0.4782608695652174
income_poverty_ratio,2.23,3.0,0.21739130434782608
income_poverty_ratio,2.24,0.0,0.3888888888888889
income_poverty_ratio,2.24,1.0,0.0
income_poverty_ratio,2.24,2.0,0.3888888888888889
income_poverty_ratio,2.24,3.0,0.2222222222222222
income_poverty_ratio,2.25,0.0,0.5714285714285714
income_poverty_ratio,2.25,1.0,0.0
income_poverty_ratio,2.25,2.0,0.2857142857142857
income_poverty_ratio,2.25,3.0,0.14285714285714285
income_poverty_ratio,2.26,0.0,0.625
income_poverty_ratio,2.26,1.0,0.0625
income_poverty_ratio,2.26,2.0,0.125
income_poverty_ratio,2.26,3.0,0.1875
income_poverty_ratio,2.27,0.0,0.25
income_poverty_ratio,2.27,1.0,0.16666666666666666
income_poverty_ratio,2.27,2.0,0.4166666666666667
income_poverty_ratio,2.27,3.0,0.16666666666666666
income_poverty_ratio,2.28,0.0,0.5714285714285714
income_poverty_ratio,2.28,1.0,0.0
income_poverty_ratio,2.28,2.0,0.42857142857142855
income_poverty_ratio,2.28,3.0,0.0
income_poverty_ratio,2.29,0.0,0.5
income_poverty_ratio,2.29,1.0,0.1
income_poverty_ratio,2.29,2.0,0.2
income_poverty_ratio,2.29,3.0,0.2
income_poverty_ratio,2.3,0.0,0.5
income_poverty_ratio,2.3,1.0,0.1
income_poverty_ratio,2.3,2.0,0.1
income_poverty_ratio,2.3,3.0,0.3
income_poverty_ratio,2.31,0.0,0.5
income_poverty_ratio,2.31,1.0,0.05
income_poverty_ratio,2.31,2.0,0.25
income_poverty_ratio,2.31,3.0,0.2
income_poverty_ratio,2.32,0.0,0.5
income_poverty_ratio,2.32,1.0,0.0
income_poverty_ratio,2.32,2.0,0.1
income_poverty_ratio,2.32,3.0,0.4
income_poverty_ratio,2.33,0.0,0.2222222222222222
income_poverty_ratio,2.33,1.0,0.0
income_poverty_ratio,2.33,2.0,0.3333333333333333
income_poverty_ratio,2.33,3.0,0.4444444444444444
income_poverty_ratio,2.34,0.0,0.3333333333333333
income_poverty_ratio,2.34,1.0,0.0
income_poverty_ratio,2.34,2.0,0.3333333333333333
income_poverty_ratio,2.34,3.0,0.3333333333333333
income_poverty_ratio,2.35,0.0,1.0
income_poverty_ratio,2.35,1.0,0.0
income_poverty_ratio,2.35,2.0,0.0
income_poverty_ratio,2.35,3.0,0.0
income_poverty_ratio,2.36,0.0,0.18181818181818182
income_poverty_ratio,2.36,1.0,0.0
income_poverty_ratio,2.36,2.0,0.5454545454545454
income_poverty_ratio,2.36,3.0,0.2727272727272727
income_poverty_ratio,2.37,0.0,0.16666666666666666
income_poverty_ratio,2.37,1.0,0.0
income_poverty_ratio,2.37,2.0,0.3333333333333333
income_poverty_ratio,2.37,3.0,0.5
income_poverty_ratio,2.38,0.0,0.3333333333333333
income_poverty_ratio,2.38,1.0,0.0
income_poverty_ratio,2.38,2.0,0.4666666666666667
income_poverty_ratio,2.38,3.0,0.2
income_poverty_ratio,2.39,0.0,0.4782608695652174
income_poverty_ratio,2.39,1.0,0.043478260869565216
income_poverty_ratio,2.39,2.0,0.30434782608695654
income_poverty_ratio,2.39,3.0,0.17391304347826086
income_poverty_ratio,2.4,0.0,0.14285714285714285
income_poverty_ratio,2.4,1.0,0.14285714285714285
income_poverty_ratio,2.4,2.0,0.42857142857142855
income_poverty_ratio,2.4,3.0,0.2857142857142857
income_poverty_ratio,2.41,0.0,0.2857142857142857
income_poverty_ratio,2.41,1.0,0.0
income_poverty_ratio,2.41,2.0,0.14285714285714285
income_poverty_ratio,2.41,3.0,0.5714285714285714
income_poverty_ratio,2.42,0.0,0.3333333333333333
income_poverty_ratio,2.42,1.0,0.16666666666666666
income_poverty_ratio,2.42,2.0,0.3333333333333333
income_poverty_ratio,2.42,3.0,0.16666666666666666
income_poverty_ratio,2.43,0.0,0.32
income_poverty_ratio,2.43,1.0,0.0
income_poverty_ratio,2.43,2.0,0.44
income_poverty_ratio,2.43,3.0,0.24
income_poverty_ratio,2.44,0.0,0.42857142857142855
income_poverty_ratio,2.44,1.0,0.14285714285714285
income_poverty_ratio,2.44,2.0,0.42857142857142855
income_poverty_ratio,2.44,3.0,0.0
income_poverty_ratio,2.45,0.0,0.4444444444444444
income_poverty_ratio,2.45,1.0,0.0
income_poverty_ratio,2.45,2.0,0.3333333333333333
income_poverty_ratio,2.45,3.0,0.2222222222222222
income_poverty_ratio,2.46,0.0,0.3333333333333333
income_poverty_ratio,2.46,1.0,0.06666666666666667
income_poverty_ratio,2.46,2.0,0.43333333333333335
income_poverty_ratio,2.46,3.0,0.16666666666666666
income_poverty_ratio,2.47,0.0,0.26666666666666666
income_poverty_ratio,2.47,1.0,0.0
income_poverty_ratio,2.47,2.0,0.26666666666666666
income_poverty_ratio,2.47,3.0,0.4666666666666667
income_poverty_ratio,2.48,0.0,0.25
income_poverty_ratio,2.48,1.0,0.0
income_poverty_ratio,2.48,2.0,0.375
income_poverty_ratio,2.48,3.0,0.375
income_poverty_ratio,2.49,0.0,0.4444444444444444
income_poverty_ratio,2.49,1.0,0.05555555555555555
income_poverty_ratio,2.49,2.0,0.3333333333333333
income_poverty_ratio,2.49,3.0,0.16666666666666666
income_poverty_ratio,2.5,0.0,0.3076923076923077
income_poverty_ratio,2.5,1.0,0.0
income_poverty_ratio,2.5,2.0,0.46153846153846156
income_poverty_ratio,2.5,3.0,0.23076923076923078
income_poverty_ratio,2.51,0.0,0.7142857142857143
income_poverty_ratio,2.51,1.0,0.0
income_poverty_ratio,2.51,2.0,0.2857142857142857
income_poverty_ratio,2.51,3.0,0.0
income_poverty_ratio,2.52,0.0,1.0
income_poverty_ratio,2.52,1.0,0.0
income_poverty_ratio,2.52,2.0,0.0
income_poverty_ratio,2.52,3.0,0.0
income_poverty_ratio,2.53,0.0,0.38461538461538464
income_poverty_ratio,2.53,1.0,0.07692307692307693
income_poverty_ratio,2.53,2.0,0.38461538461538464
income_poverty_ratio,2.53,3.0,0.15384615384615385
income_poverty_ratio,2.54,0.0,0.5
income_poverty_ratio,2.54,1.0,0.1
income_poverty_ratio,2.54,2.0,0.2
income_poverty_ratio,2.54,3.0,0.2
income_poverty_ratio,2.55,0.0,0.391304347826087
income_poverty_ratio,2.55,1.0,0.08695652173913043
income_poverty_ratio,2.55,2.0,0.43478260869565216
income_poverty_ratio,2.55,3.0,0.08695652173913043
income_poverty_ratio,2.56,0.0,0.42857142857142855
income_poverty_ratio,2.56,1.0,0.14285714285714285
income_poverty_ratio,2.56,2.0,0.42857142857142855
income_poverty_ratio,2.56,3.0,0.0
income_poverty_ratio,2.57,0.0,0.35714285714285715
income_poverty_ratio,2.57,1.0,0.07142857142857142
income_poverty_ratio,2.57,2.0,0.42857142857142855
income_poverty_ratio,2.57,3.0,0.14285714285714285
income_poverty_ratio,2.58,0.0,0.3333333333333333
income_poverty_ratio,2.58,1.0,0.09523809523809523
income_poverty_ratio,2.58,2.0,0.42857142857142855
income_poverty_ratio,2.58,3.0,0.14285714285714285
income_poverty_ratio,2.59,0.0,0.34782608695652173
income_poverty_ratio,2.59,1.0,0.08695652173913043
income_poverty_ratio,2.59,2.0,0.4782608695652174
income_poverty_ratio,2.59,3.0,0.08695652173913043
income_poverty_ratio,2.6,0.0,0.7
income_poverty_ratio,2.6,1.0,0.1
income_poverty_ratio,2.6,2.0,0.2
income_poverty_ratio,2.6,3.0,0.0
income_poverty_ratio,2.61,0.0,0.38461538461538464
income_poverty_ratio,2.61,1.0,0.07692307692307693
income_poverty_ratio,2.61,2.0,0.3076923076923077
income_poverty_ratio,2.61,3.0,0.23076923076923078
income_poverty_ratio,2.62,0.0,0.125
income_poverty_ratio,2.62,1.0,0.0
income_poverty_ratio,2.62,2.0,0.5
income_poverty_ratio,2.62,3.0,0.375
income_poverty_ratio,2.63,0.0,0.14285714285714285
income_poverty_ratio,2.63,1.0,0.0
income_poverty_ratio,2.63,2.0,0.5714285714285714
income_poverty_ratio,2.63,3.0,0.2857142857142857
income_poverty_ratio,2.64,0.0,0.5666666666666667
income_poverty_ratio,2.64,1.0,0.03333333333333333
income_poverty_ratio,2.64,2.0,0.2
income_poverty_ratio,2.64,3.0,0.2
income_poverty_ratio,2.65,0.0,0.4666666666666667
income_poverty_ratio,2.65,1.0,0.13333333333333333
income_poverty_ratio,2.65,2.0,0.3333333333333333
income_poverty_ratio,2.65,3.0,0.06666666666666667
income_poverty_ratio,2.66,0.0,0.6666666666666666
income_poverty_ratio,2.66,1.0,0.0
income_poverty_ratio,2.66,2.0,0.3333333333333333
income_poverty_ratio,2.66,3.0,0.0
income_poverty_ratio,2.67,0.0,0.6
income_poverty_ratio,2.67,1.0,0.0
income_poverty_ratio,2.67,2.0,0.3
income_poverty_ratio,2.67,3.0,0.1
income_poverty_ratio,2.68,0.0,0.2727272727272727
income_poverty_ratio,2.68,1.0,0.09090909090909091
income_poverty_ratio,2.68,2.0,0.5454545454545454
income_poverty_ratio,2.68,3.0,0.09090909090909091
income_poverty_ratio,2.69,0.0,0.5555555555555556
income_poverty_ratio,2.69,1.0,0.05555555555555555
income_poverty_ratio,2.69,2.0,0.2222222222222222
income_poverty_ratio,2.69,3.0,0.16666666666666666
income_poverty_ratio,2.7,0.0,0.4
income_poverty_ratio,2.7,1.0,0.0
income_poverty_ratio,2.7,2.0,0.6
income_poverty_ratio,2.7,3.0,0.0
income_poverty_ratio,2.71,0.0,0.5
income_poverty_ratio,2.71,1.0,0.0
income_poverty_ratio,2.71,2.0,0.2
income_poverty_ratio,2.71,3.0,0.3
income_poverty_ratio,2.72,0.0,0.35714285714285715
income_poverty_ratio,2.72,1.0,0.0
income_poverty_ratio,2.72,2.0,0.35714285714285715
income_poverty_ratio,2.72,3.0,0.2857142857142857
income_poverty_ratio,2.73,0.0,0.14285714285714285
income_poverty_ratio,2.73,1.0,0.14285714285714285
income_poverty_ratio,2.73,2.0,0.5714285714285714
income_poverty_ratio,2.73,3.0,0.14285714285714285
income_poverty_ratio,2.74,0.0,0.5555555555555556
income_poverty_ratio,2.74,1.0,0.1111111111111111
income_poverty_ratio,2.74,2.0,0.2222222222222222
income_poverty_ratio,2.74,3.0,0.1111111111111111
income_poverty_ratio,2.75,0.0,0.45
income_poverty_ratio,2.75,1.0,0.15
income_poverty_ratio,2.75,2.0,0.25
income_poverty_ratio,2.75,3.0,0.15
income_poverty_ratio,2.76,0.0,0.5555555555555556
income_poverty_ratio,2.76,1.0,0.0
income_poverty_ratio,2.76,2.0,0.2222222222222222
income_poverty_ratio,2.76,3.0,0.2222222222222222
income_poverty_ratio,2.77,0.0,0.3333333333333333
income_poverty_ratio,2.77,1.0,0.05555555555555555
income_poverty_ratio,2.77,2.0,0.5
income_poverty_ratio,2.77,3.0,0.1111111111111111
income_poverty_ratio,2.78,0.0,0.625
income_poverty_ratio,2.78,1.0,0.125
income_poverty_ratio,2.78,2.0,0.25
income_poverty_ratio,2.78,3.0,0.0
income_poverty_ratio,2.79,0.0,0.2
income_poverty_ratio,2.79,1.0,0.13333333333333333
income_poverty_ratio,2.79,2.0,0.3333333333333333
income_poverty_ratio,2.79,3.0,0.3333333333333333
income_poverty_ratio,2.8,0.0,0.25
income_poverty_ratio,2.8,1.0,0.0
income_poverty_ratio,2.8,2.0,0.75
income_poverty_ratio,2.8,3.0,0.0
income_poverty_ratio,2.81,0.0,0.5
income_poverty_ratio,2.81,1.0,0.0
income_poverty_ratio,2.81,2.0,0.5
income_poverty_ratio,2.81,3.0,0.0
income_poverty_ratio,2.82,0.0,0.5769230769230769
income_poverty_ratio,2.82,1.0,0.0
income_poverty_ratio,2.82,2.0,0.3076923076923077
income_poverty_ratio,2.82,3.0,0.11538461538461539
income_poverty_ratio,2.83,0.0,0.6666666666666666
income_poverty_ratio,2.83,1.0,0.0
income_poverty_ratio,2.83,2.0,0.0
income_poverty_ratio,2.83,3.0,0.3333333333333333
income_poverty_ratio,2.84,0.0,0.5
income_poverty_ratio,2.84,1.0,0.0
income_poverty_ratio,2.84,2.0,0.5
income_poverty_ratio,2.84,3.0,0.0
income_poverty_ratio,2.85,0.0,0.3333333333333333
income_poverty_ratio,2.85,1.0,0.0
income_poverty_ratio,2.85,2.0,0.3333333333333333
income_poverty_ratio,2.85,3.0,0.3333333333333333
income_poverty_ratio,2.86,0.0,0.36363636363636365
income_poverty_ratio,2.86,1.0,0.0
income_poverty_ratio,2.86,2.0,0.36363636363636365
income_poverty_ratio,2.86,3.0,0.2727272727272727
income_poverty_ratio,2.87,0.0,0.3333333333333333
income_poverty_ratio,2.87,1.0,0.16666666666666666
income_poverty_ratio,2.87,2.0,0.16666666666666666
income_poverty_ratio,2.87,3.0,0.3333333333333333
income_poverty_ratio,2.88,0.0,0.38461538461538464
income_poverty_ratio,2.88,1.0,0.0
income_poverty_ratio,2.88,2.0,0.46153846153846156
income_poverty_ratio,2.88,3.0,0.15384615384615385
income_poverty_ratio,2.89,0.0,0.375
income_poverty_ratio,2.89,1.0,0.0625
income_poverty_ratio,2.89,2.0,0.5
income_poverty_ratio,2.89,3.0,0.0625
income_poverty_ratio,2.9,0.0,0.5555555555555556
income_poverty_ratio,2.9,1.0,0.1111111111111111
income_poverty_ratio,2.9,2.0,0.2777777777777778
income_poverty_ratio,2.9,3.0,0.05555555555555555
income_poverty_ratio,2.91,0.0,1.0
income_poverty_ratio,2.91,1.0,0.0
income_poverty_ratio,2.91,2.0,0.0
income_poverty_ratio,2.91,3.0,0.0
income_poverty_ratio,2.92,0.0,0.4166666666666667
income_poverty_ratio,2.92,1.0,0.16666666666666666
income_poverty_ratio,2.92,2.0,0.3333333333333333
income_poverty_ratio,2.92,3.0,0.08333333333333333
income_poverty_ratio,2.93,0.0,0.2857142857142857
income_poverty_ratio,2.93,1.0,0.0
income_poverty_ratio,2.93,2.0,0.5714285714285714
income_poverty_ratio,2.93,3.0,0.14285714285714285
income_poverty_ratio,2.94,0.0,0.15384615384615385
income_poverty_ratio,2.94,1.0,0.15384615384615385
income_poverty_ratio,2.94,2.0,0.3076923076923077
income_poverty_ratio,2.94,3.0,0.38461538461538464
income_poverty_ratio,2.95,0.0,0.5
income_poverty_ratio,2.95,1.0,0.0
income_poverty_ratio,2.95,2.0,0.3
income_poverty_ratio,2.95,3.0,0.2
income_poverty_ratio,2.96,0.0,0.5
income_poverty_ratio,2.96,1.0,0.0
income_poverty_ratio,2.96,2.0,0.3333333333333333
income_poverty_ratio,2.96,3.0,0.16666666666666666
income_poverty_ratio,2.97,0.0,0.5
income_poverty_ratio,2.97,1.0,0.0625
income_poverty_ratio,2.97,2.0,0.3125
income_poverty_ratio,2.97,3.0,0.125
income_poverty_ratio,2.98,0.0,0.5
income_poverty_ratio,2.98,1.0,0.0
income_poverty_ratio,2.98,2.0,0.5
income_poverty_ratio,2.98,3.0,0.0
income_poverty_ratio,2.99,0.0,0.4166666666666667
income_poverty_ratio,2.99,1.0,0.0
income_poverty_ratio,2.99,2.0,0.3333333333333333
income_poverty_ratio,2.99,3.0,0.25
income_poverty_ratio,3.0,0.0,0.5
income_poverty_ratio,3.0,1.0,0.0
income_poverty_ratio,3.0,2.0,0.08333333333333333
income_poverty_ratio,3.0,3.0,0.4166666666666667
income_poverty_ratio,3.01,0.0,0.16666666666666666
income_poverty_ratio,3.01,1.0,0.16666666666666666
income_poverty_ratio,3.01,2.0,0.6666666666666666
income_poverty_ratio,3.01,3.0,0.0
income_poverty_ratio,3.02,0.0,0.25
income_poverty_ratio,3.02,1.0,0.0
income_poverty_ratio,3.02,2.0,0.75
income_poverty_ratio,3.02,3.0,0.0
income_poverty_ratio,3.03,0.0,0.4666666666666667
income_poverty_ratio,3.03,1.0,0.06666666666666667
income_poverty_ratio,3.03,2.0,0.26666666666666666
income_poverty_ratio,3.03,3.0,0.2
income_poverty_ratio,3.04,0.0,0.3684210526315789
income_poverty_ratio,3.04,1.0,0.10526315789473684
income_poverty_ratio,3.04,2.0,0.3157894736842105
income_poverty_ratio,3.04,3.0,0.21052631578947367
income_poverty_ratio,3.05,0.0,0.46153846153846156
income_poverty_ratio,3.05,1.0,0.0
income_poverty_ratio,3.05,2.0,0.38461538461538464
income_poverty_ratio,3.05,3.0,0.15384615384615385
income_poverty_ratio,3.06,0.0,0.38461538461538464
income_poverty_ratio,3.06,1.0,0.0
income_poverty_ratio,3.06,2.0,0.6153846153846154
income_poverty_ratio,3.06,3.0,0.0
income_poverty_ratio,3.07,0.0,0.36363636363636365
income_poverty_ratio,3.07,1.0,0.0
income_poverty_ratio,3.07,2.0,0.2727272727272727
income_poverty_ratio,3.07,3.0,0.36363636363636365
income_poverty_ratio,3.08,0.0,0.2631578947368421
income_poverty_ratio,3.08,1.0,0.0
income_poverty_ratio,3.08,2.0,0.5789473684210527
income_poverty_ratio,3.08,3.0,0.15789473684210525
income_poverty_ratio,3.09,0.0,0.3684210526315789
income_poverty_ratio,3.09,1.0,0.0
income_poverty_ratio,3.09,2.0,0.5263157894736842
income_poverty_ratio,3.09,3.0,0.10526315789473684
income_poverty_ratio,3.1,0.0,0.75
income_poverty_ratio,3.1,1.0,0.0
income_poverty_ratio,3.1,2.0,0.0
income_poverty_ratio,3.1,3.0,0.25
income_poverty_ratio,3.11,0.0,0.2
income_poverty_ratio,3.11,1.0,0.2
income_poverty_ratio,3.11,2.0,0.4
income_poverty_ratio,3.11,3.0,0.2
income_poverty_ratio,3.12,0.0,0.5555555555555556
income_poverty_ratio,3.12,1.0,0.0
income_poverty_ratio,3.12,2.0,0.4444444444444444
income_poverty_ratio,3.12,3.0,0.0
income_poverty_ratio,3.13,0.0,0.3076923076923077
income_poverty_ratio,3.13,1.0,0.15384615384615385
income_poverty_ratio,3.13,2.0,0.3076923076923077
income_poverty_ratio,3.13,3.0,0.23076923076923078
income_poverty_ratio,3.14,0.0,0.43478260869565216
income_poverty_ratio,3.14,1.0,0.13043478260869565
income_poverty_ratio,3.14,2.0,0.34782608695652173
income_poverty_ratio,3.14,3.0,0.08695652173913043
income_poverty_ratio,3.15,0.0,0.3333333333333333
income_poverty_ratio,3.15,1.0,0.0
income_poverty_ratio,3.15,2.0,0.0
income_poverty_ratio,3.15,3.0,0.6666666666666666
income_poverty_ratio,3.16,0.0,0.36363636363636365
income_poverty_ratio,3.16,1.0,0.0
income_poverty_ratio,3.16,2.0,0.18181818181818182
income_poverty_ratio,3.16,3.0,0.45454545454545453
income_poverty_ratio,3.17,0.0,0.8
income_poverty_ratio,3.17,1.0,0.0
income_poverty_ratio,3.17,2.0,0.2
income_poverty_ratio,3.17,3.0,0.0
income_poverty_ratio,3.18,0.0,0.5789473684210527
income_poverty_ratio,3.18,1.0,0.0
income_poverty_ratio,3.18,2.0,0.3157894736842105
income_poverty_ratio,3.18,3.0,0.10526315789473684
income_poverty_ratio,3.19,0.0,1.0
income_poverty_ratio,3.19,1.0,0.0
income_poverty_ratio,3.19,2.0,0.0
income_poverty_ratio,3.19,3.0,0.0
income_poverty_ratio,3.2,0.0,0.75
income_poverty_ratio,3.2,1.0,0.0
income_poverty_ratio,3.2,2.0,0.25
income_poverty_ratio,3.2,3.0,0.0
income_poverty_ratio,3.21,0.0,0.5
income_poverty_ratio,3.21,1.0,0.0
income_poverty_ratio,3.21,2.0,0.3333333333333333
income_poverty_ratio,3.21,3.0,0.16666666666666666
income_poverty_ratio,3.22,0.0,0.375
income_poverty_ratio,3.22,1.0,0.08333333333333333
income_poverty_ratio,3.22,2.0,0.375
income_poverty_ratio,3.22,3.0,0.16666666666666666
income_poverty_ratio,3.23,0.0,0.6
income_poverty_ratio,3.23,1.0,0.0
income_poverty_ratio,3.23,2.0,0.4
income_poverty_ratio,3.23,3.0,0.0
income_poverty_ratio,3.24,0.0,0.5
income_poverty_ratio,3.24,1.0,0.0
income_poverty_ratio,3.24,2.0,0.25
income_poverty_ratio,3.24,3.0,0.25
income_poverty_ratio,3.25,0.0,0.36363636363636365
income_poverty_ratio,3.25,1.0,0.09090909090909091
income_poverty_ratio,3.25,2.0,0.36363636363636365
income_poverty_ratio,3.25,3.0,0.18181818181818182
income_poverty_ratio,3.26,0.0,0.3333333333333333
income_poverty_ratio,3.26,1.0,0.0
income_poverty_ratio,3.26,2.0,0.16666666666666666
income_poverty_ratio,3.26,3.0,0.5
income_poverty_ratio,3.27,0.0,0.5
income_poverty_ratio,3.27,1.0,0.0
income_poverty_ratio,3.27,2.0,0.5
income_poverty_ratio,3.27,3.0,0.0
income_poverty_ratio,3.28,0.0,1.0
income_poverty_ratio,3.28,1.0,0.0
income_poverty_ratio,3.28,2.0,0.0
income_poverty_ratio,3.28,3.0,0.0
income_poverty_ratio,3.29,0.0,0.625
income_poverty_ratio,3.29,1.0,0.0
income_poverty_ratio,3.29,2.0,0.25
income_poverty_ratio,3.29,3.0,0.125
income_poverty_ratio,3.3,0.0,0.4166666666666667
income_poverty_ratio,3.3,1.0,0.3333333333333333
income_poverty_ratio,3.3,2.0,0.25
income_poverty_ratio,3.3,3.0,0.0
income_poverty_ratio,3.31,0.0,0.4
income_poverty_ratio,3.31,1.0,0.1
income_poverty_ratio,3.31,2.0,0.3
income_poverty_ratio,3.31,3.0,0.2
income_poverty_ratio,3.32,0.0,0.6
income_poverty_ratio,3.32,1.0,0.2
income_poverty_ratio,3.32,2.0,0.2
income_poverty_ratio,3.32,3.0,0.0
income_poverty_ratio,3.33,0.0,0.23076923076923078
income_poverty_ratio,3.33,1.0,0.07692307692307693
income_poverty_ratio,3.33,2.0,0.5384615384615384
income_poverty_ratio,3.33,3.0,0.15384615384615385
income_poverty_ratio,3.34,0.0,0.2857142857142857
income_poverty_ratio,3.34,1.0,0.14285714285714285
income_poverty_ratio,3.34,2.0,0.42857142857142855
income_poverty_ratio,3.34,3.0,0.14285714285714285
income_poverty_ratio,3.35,0.0,0.42857142857142855
income_poverty_ratio,3.35,1.0,0.0
income_poverty_ratio,3.35,2.0,0.42857142857142855
income_poverty_ratio,3.35,3.0,0.14285714285714285
income_poverty_ratio,3.36,0.0,1.0
income_poverty_ratio,3.36,1.0,0.0
income_poverty_ratio,3.36,2.0,0.0
income_poverty_ratio,3.36,3.0,0.0
income_poverty_ratio,3.37,0.0,0.5294117647058824
income_poverty_ratio,3.37,1.0,0.0
income_poverty_ratio,3.37,2.0,0.4117647058823529
income_poverty_ratio,3.37,3.0,0.058823529411764705
income_poverty_ratio,3.38,0.0,0.0
income_poverty_ratio,3.38,1.0,0.0
income_poverty_ratio,3.38,2.0,0.5
income_poverty_ratio,3.38,3.0,0.5
income_poverty_ratio,3.39,0.0,0.3333333333333333
income_poverty_ratio,3.39,1.0,0.1111111111111111
income_poverty_ratio,3.39,2.0,0.3333333333333333
income_poverty_ratio,3.39,3.0,0.2222222222222222
income_poverty_ratio,3.4,0.0,0.46875
income_poverty_ratio,3.4,1.0,0.09375
income_poverty_ratio,3.4,2.0,0.375
income_poverty_ratio,3.4,3.0,0.0625
income_poverty_ratio,3.41,0.0,0.5
income_poverty_ratio,3.41,1.0,0.0
income_poverty_ratio,3.41,2.0,0.5
income_poverty_ratio,3.41,3.0,0.0
income_poverty_ratio,3.42,0.0,0.3333333333333333
income_poverty_ratio,3.42,1.0,0.0
income_poverty_ratio,3.42,2.0,0.3333333333333333
income_poverty_ratio,3.42,3.0,0.3333333333333333
income_poverty_ratio,3.43,0.0,0.375
income_poverty_ratio,3.43,1.0,0.0
income_poverty_ratio,3.43,2.0,0.4375
income_poverty_ratio,3.43,3.0,0.1875
income_poverty_ratio,3.44,0.0,0.6666666666666666
income_poverty_ratio,3.44,1.0,0.16666666666666666
income_poverty_ratio,3.44,2.0,0.0
income_poverty_ratio,3.44,3.0,0.16666666666666666
income_poverty_ratio,3.45,0.0,0.7777777777777778
income_poverty_ratio,3.45,1.0,0.1111111111111111
income_poverty_ratio,3.45,2.0,0.1111111111111111
income_poverty_ratio,3.45,3.0,0.0
income_poverty_ratio,3.46,0.0,0.2
income_poverty_ratio,3.46,1.0,0.1
income_poverty_ratio,3.46,2.0,0.4
income_poverty_ratio,3.46,3.0,0.3
income_poverty_ratio,3.47,0.0,0.25
income_poverty_ratio,3.47,1.0,0.08333333333333333
income_poverty_ratio,3.47,2.0,0.4166666666666667
income_poverty_ratio,3.47,3.0,0.25
income_poverty_ratio,3.48,0.0,0.4642857142857143
income_poverty_ratio,3.48,1.0,0.03571428571428571
income_poverty_ratio,3.48,2.0,0.39285714285714285
income_poverty_ratio,3.48,3.0,0.10714285714285714
income_poverty_ratio,3.49,0.0,0.5
income_poverty_ratio,3.49,1.0,0.0
income_poverty_ratio,3.49,2.0,0.375
income_poverty_ratio,3.49,3.0,0.125
income_poverty_ratio,3.5,0.0,0.6666666666666666
income_poverty_ratio,3.5,1.0,0.0
income_poverty_ratio,3.5,2.0,0.3333333333333333
income_poverty_ratio,3.5,3.0,0.0
income_poverty_ratio,3.51,0.0,0.3333333333333333
income_poverty_ratio,3.51,1.0,0.0
income_poverty_ratio,3.51,2.0,0.3333333333333333
income_poverty_ratio,3.51,3.0,0.3333333333333333
income_poverty_ratio,3.52,0.0,0.25
income_poverty_ratio,3.52,1.0,0.25
income_poverty_ratio,3.52,2.0,0.25
income_poverty_ratio,3.52,3.0,0.25
income_poverty_ratio,3.53,0.0,0.3333333333333333
income_poverty_ratio,3.53,1.0,0.0
income_poverty_ratio,3.53,2.0,0.6666666666666666
income_poverty_ratio,3.53,3.0,0.0
income_poverty_ratio,3.54,0.0,0.1875
income_poverty_ratio,3.54,1.0,0.0625
income_poverty_ratio,3.54,2.0,0.5625
income_poverty_ratio,3.54,3.0,0.1875
income_poverty_ratio,3.55,0.0,0.4
income_poverty_ratio,3.55,1.0,0.2
income_poverty_ratio,3.55,2.0,0.0
income_poverty_ratio,3.55,3.0,0.4
income_poverty_ratio,3.56,0.0,0.3333333333333333
income_poverty_ratio,3.56,1.0,0.0
income_poverty_ratio,3.56,2.0,0.6666666666666666
income_poverty_ratio,3.56,3.0,0.0
income_poverty_ratio,3.57,0.0,0.25
income_poverty_ratio,3.57,1.0,0.125
income_poverty_ratio,3.57,2.0,0.375
income_poverty_ratio,3.57,3.0,0.25
income_poverty_ratio,3.58,0.0,0.4117647058823529
income_poverty_ratio,3.58,1.0,0.058823529411764705
income_poverty_ratio,3.58,2.0,0.4117647058823529
income_poverty_ratio,3.58,3.0,0.11764705882352941
income_poverty_ratio,3.59,0.0,0.0
income_poverty_ratio,3.59,1.0,0.0
income_poverty_ratio,3.59,2.0,0.0
income_poverty_ratio,3.59,3.0,1.0
income_poverty_ratio,3.6,0.0,0.5
income_poverty_ratio,3.6,1.0,0.0
income_poverty_ratio,3.6,2.0,0.0
income_poverty_ratio,3.6,3.0,0.5
income_poverty_ratio,3.61,0.0,0.375
income_poverty_ratio,3.61,1.0,0.125
income_poverty_ratio,3.61,2.0,0.5
income_poverty_ratio,3.61,3.0,0.0
income_poverty_ratio,3.62,0.0,0.5
income_poverty_ratio,3.62,1.0,0.0
income_poverty_ratio,3.62,2.0,0.0
income_poverty_ratio,3.62,3.0,0.5
income_poverty_ratio,3.63,0.0,0.75
income_poverty_ratio,3.63,1.0,0.0
income_poverty_ratio,3.63,2.0,0.25
income_poverty_ratio,3.63,3.0,0.0
income_poverty_ratio,3.64,0.0,0.6
income_poverty_ratio,3.64,1.0,0.1
income_poverty_ratio,3.64,2.0,0.1
income_poverty_ratio,3.64,3.0,0.2
income_poverty_ratio,3.65,0.0,0.6
income_poverty_ratio,3.65,1.0,0.3
income_poverty_ratio,3.65,2.0,0.1
income_poverty_ratio,3.65,3.0,0.0
income_poverty_ratio,3.67,0.0,0.9230769230769231
income_poverty_ratio,3.67,1.0,0.0
income_poverty_ratio,3.67,2.0,0.07692307692307693
income_poverty_ratio,3.67,3.0,0.0
income_poverty_ratio,3.68,0.0,0.4
income_poverty_ratio,3.68,1.0,0.2
income_poverty_ratio,3.68,2.0,0.2
income_poverty_ratio,3.68,3.0,0.2
income_poverty_ratio,3.69,0.0,0.6111111111111112
income_poverty_ratio,3.69,1.0,0.0
income_poverty_ratio,3.69,2.0,0.3333333333333333
income_poverty_ratio,3.69,3.0,0.05555555555555555
income_poverty_ratio,3.7,0.0,0.375
income_poverty_ratio,3.7,1.0,0.125
income_poverty_ratio,3.7,2.0,0.375
income_poverty_ratio,3.7,3.0,0.125
income_poverty_ratio,3.71,0.0,0.3333333333333333
income_poverty_ratio,3.71,1.0,0.0
income_poverty_ratio,3.71,2.0,0.0
income_poverty_ratio,3.71,3.0,0.6666666666666666
income_poverty_ratio,3.72,0.0,0.25
income_poverty_ratio,3.72,1.0,0.25
income_poverty_ratio,3.72,2.0,0.0
income_poverty_ratio,3.72,3.0,0.5
income_poverty_ratio,3.73,0.0,0.6666666666666666
income_poverty_ratio,3.73,1.0,0.16666666666666666
income_poverty_ratio,3.73,2.0,0.0
income_poverty_ratio,3.73,3.0,0.16666666666666666
income_poverty_ratio,3.74,0.0,0.8333333333333334
income_poverty_ratio,3.74,1.0,0.0
income_poverty_ratio,3.74,2.0,0.16666666666666666
income_poverty_ratio,3.74,3.0,0.0
income_poverty_ratio,3.75,0.0,0.4
income_poverty_ratio,3.75,1.0,0.0
income_poverty_ratio,3.75,2.0,0.4
income_poverty_ratio,3.75,3.0,0.2
income_poverty_ratio,3.76,0.0,0.3333333333333333
income_poverty_ratio,3.76,1.0,0.0
income_poverty_ratio,3.76,2.0,0.3333333333333333
income_poverty_ratio,3.76,3.0,0.3333333333333333
income_poverty_ratio,3.77,0.0,0.3333333333333333
income_poverty_ratio,3.77,1.0,0.0
income_poverty_ratio,3.77,2.0,0.3333333333333333
income_poverty_ratio,3.77,3.0,0.3333333333333333
income_poverty_ratio,3.78,0.0,0.25
income_poverty_ratio,3.78,1.0,0.0
income_poverty_ratio,3.78,2.0,0.0
income_poverty_ratio,3.78,3.0,0.75
income_poverty_ratio,3.79,0.0,0.5
income_poverty_ratio,3.79,1.0,0.0
income_poverty_ratio,3.79,2.0,0.5
income_poverty_ratio,3.79,3.0,0.0
income_poverty_ratio,3.8,0.0,0.5
income_poverty_ratio,3.8,1.0,0.0
income_poverty_ratio,3.8,2.0,0.0
income_poverty_ratio,3.8,3.0,0.5
income_poverty_ratio,3.81,0.0,0.5416666666666666
income_poverty_ratio,3.81,1.0,0.0
income_poverty_ratio,3.81,2.0,0.375
income_poverty_ratio,3.81,3.0,0.08333333333333333
income_poverty_ratio,3.82,0.0,0.375
income_poverty_ratio,3.82,1.0,0.0
income_poverty_ratio,3.82,2.0,0.5
income_poverty_ratio,3.82,3.0,0.125
income_poverty_ratio,3.83,0.0,0.2857142857142857
income_poverty_ratio,3.83,1.0,0.0
income_poverty_ratio,3.83,2.0,0.7142857142857143
income_poverty_ratio,3.83,3.0,0.0
income_poverty_ratio,3.84,0.0,0.5
income_poverty_ratio,3.84,1.0,0.0
income_poverty_ratio,3.84,2.0,0.5
income_poverty_ratio,3.84,3.0,0.0
income_poverty_ratio,3.85,0.0,0.25
income_poverty_ratio,3.85,1.0,0.0
income_poverty_ratio,3.85,2.0,0.5
income_poverty_ratio,3.85,3.0,0.25
income_poverty_ratio,3.86,0.0,0.625
income_poverty_ratio,3.86,1.0,0.0
income_poverty_ratio,3.86,2.0,0.25
income_poverty_ratio,3.86,3.0,0.125
income_poverty_ratio,3.87,0.0,0.46153846153846156
income_poverty_ratio,3.87,1.0,0.0
income_poverty_ratio,3.87,2.0,0.38461538461538464
income_poverty_ratio,3.87,3.0,0.15384615384615385
income_poverty_ratio,3.88,0.0,1.0
income_poverty_ratio,3.88,1.0,0.0
income_poverty_ratio,3.88,2.0,0.0
income_poverty_ratio,3.88,3.0,0.0
income_poverty_ratio,3.89,0.0,1.0
income_poverty_ratio,3.89,1.0,0.0
income_poverty_ratio,3.89,2.0,0.0
income_poverty_ratio,3.89,3.0,0.0
income_poverty_ratio,3.9,0.0,0.2
income_poverty_ratio,3.9,1.0,0.0
income_poverty_ratio,3.9,2.0,0.4
income_poverty_ratio,3.9,3.0,0.4
income_poverty_ratio,3.91,0.0,0.6666666666666666
income_poverty_ratio,3.91,1.0,0.0
income_poverty_ratio,3.91,2.0,0.0
income_poverty_ratio,3.91,3.0,0.3333333333333333
income_poverty_ratio,3.92,0.0,0.25
income_poverty_ratio,3.92,1.0,0.08333333333333333
income_poverty_ratio,3.92,2.0,0.5
income_poverty_ratio,3.92,3.0,0.16666666666666666
income_poverty_ratio,3.93,0.0,0.5555555555555556
income_poverty_ratio,3.93,1.0,0.0
income_poverty_ratio,3.93,2.0,0.3333333333333333
income_poverty_ratio,3.93,3.0,0.1111111111111111
income_poverty_ratio,3.94,0.0,0.5
income_poverty_ratio,3.94,1.0,0.0
income_poverty_ratio,3.94,2.0,0.25
income_poverty_ratio,3.94,3.0,0.25
income_poverty_ratio,3.95,0.0,0.42857142857142855
income_poverty_ratio,3.95,1.0,0.14285714285714285
income_poverty_ratio,3.95,2.0,0.0
income_poverty_ratio,3.95,3.0,0.42857142857142855
income_poverty_ratio,3.96,0.0,1.0
income_poverty_ratio,3.96,1.0,0.0
income_poverty_ratio,3.96,2.0,0.0
income_poverty_ratio,3.96,3.0,0.0
income_poverty_ratio,3.97,0.0,0.64
income_poverty_ratio,3.97,1.0,0.08
income_poverty_ratio,3.97,2.0,0.24
income_poverty_ratio,3.97,3.0,0.04
income_poverty_ratio,3.98,0.0,0.42857142857142855
income_poverty_ratio,3.98,1.0,0.0
income_poverty_ratio,3.98,2.0,0.42857142857142855
income_poverty_ratio,3.98,3.0,0.14285714285714285
income_poverty_ratio,3.99,0.0,0.5
income_poverty_ratio,3.99,1.0,0.0
income_poverty_ratio,3.99,2.0,0.0
income_poverty_ratio,3.99,3.0,0.5
income_poverty_ratio,4.0,0.0,0.5
income_poverty_ratio,4.0,1.0,0.125
income_poverty_ratio,4.0,2.0,0.25
income_poverty_ratio,4.0,3.0,0.125
income_poverty_ratio,4.01,0.0,0.6666666666666666
income_poverty_ratio,4.01,1.0,0.3333333333333333
income_poverty_ratio,4.01,2.0,0.0
income_poverty_ratio,4.01,3.0,0.0
income_poverty_ratio,4.02,0.0,0.0
income_poverty_ratio,4.02,1.0,0.0
income_poverty_ratio,4.02,2.0,1.0
income_poverty_ratio,4.02,3.0,0.0
income_poverty_ratio,4.03,0.0,0.42857142857142855
income_poverty_ratio,4.03,1.0,0.14285714285714285
income_poverty_ratio,4.03,2.0,0.42857142857142855
income_poverty_ratio,4.03,3.0,0.0
income_poverty_ratio,4.04,0.0,0.45454545454545453
income_poverty_ratio,4.04,1.0,0.0
income_poverty_ratio,4.04,2.0,0.2727272727272727
income_poverty_ratio,4.04,3.0,0.2727272727272727
income_poverty_ratio,4.05,0.0,0.0
income_poverty_ratio,4.05,1.0,0.0
income_poverty_ratio,4.05,2.0,0.75
income_poverty_ratio,4.05,3.0,0.25
income_poverty_ratio,4.06,0.0,0.5
income_poverty_ratio,4.06,1.0,0.0625
income_poverty_ratio,4.06,2.0,0.25
income_poverty_ratio,4.06,3.0,0.1875
income_poverty_ratio,4.07,0.0,0.21428571428571427
income_poverty_ratio,4.07,1.0,0.07142857142857142
income_poverty_ratio,4.07,2.0,0.42857142857142855
income_poverty_ratio,4.07,3.0,0.2857142857142857
income_poverty_ratio,4.08,0.0,0.42857142857142855
income_poverty_ratio,4.08,1.0,0.0
income_poverty_ratio,4.08,2.0,0.47619047619047616
income_poverty_ratio,4.08,3.0,0.09523809523809523
income_poverty_ratio,4.1,0.0,0.0
income_poverty_ratio,4.1,1.0,0.25
income_poverty_ratio,4.1,2.0,0.75
income_poverty_ratio,4.1,3.0,0.0
income_poverty_ratio,4.11,0.0,0.75
income_poverty_ratio,4.11,1.0,0.0
income_poverty_ratio,4.11,2.0,0.0
income_poverty_ratio,4.11,3.0,0.25
income_poverty_ratio,4.12,0.0,0.6428571428571429
income_poverty_ratio,4.12,1.0,0.0
income_poverty_ratio,4.12,2.0,0.35714285714285715
income_poverty_ratio,4.12,3.0,0.0
income_poverty_ratio,4.13,0.0,0.5
income_poverty_ratio,4.13,1.0,0.05
income_poverty_ratio,4.13,2.0,0.4
income_poverty_ratio,4.13,3.0,0.05
income_poverty_ratio,4.15,0.0,0.5714285714285714
income_poverty_ratio,4.15,1.0,0.0
income_poverty_ratio,4.15,2.0,0.14285714285714285
income_poverty_ratio,4.15,3.0,0.2857142857142857
income_poverty_ratio,4.16,0.0,0.5
income_poverty_ratio,4.16,1.0,0.125
income_poverty_ratio,4.16,2.0,0.25
income_poverty_ratio,4.16,3.0,0.125
income_poverty_ratio,4.17,0.0,1.0
income_poverty_ratio,4.17,1.0,0.0
income_poverty_ratio,4.17,2.0,0.0
income_poverty_ratio,4.17,3.0,0.0
income_poverty_ratio,4.18,0.0,1.0
income_poverty_ratio,4.18,1.0,0.0
income_poverty_ratio,4.18,2.0,0.0
income_poverty_ratio,4.18,3.0,0.0
income_poverty_ratio,4.19,0.0,0.4375
income_poverty_ratio,4.19,1.0,0.0
income_poverty_ratio,4.19,2.0,0.3125
income_poverty_ratio,4.19,3.0,0.25
income_poverty_ratio,4.2,0.0,0.5
income_poverty_ratio,4.2,1.0,0.0
income_poverty_ratio,4.2,2.0,0.0
income_poverty_ratio,4.2,3.0,0.5
income_poverty_ratio,4.21,0.0,0.4444444444444444
income_poverty_ratio,4.21,1.0,0.0
income_poverty_ratio,4.21,2.0,0.3333333333333333
income_poverty_ratio,4.21,3.0,0.2222222222222222
income_poverty_ratio,4.22,0.0,0.4
income_poverty_ratio,4.22,1.0,0.0
income_poverty_ratio,4.22,2.0,0.4
income_poverty_ratio,4.22,3.0,0.2
income_poverty_ratio,4.23,0.0,0.8333333333333334
income_poverty_ratio,4.23,1.0,0.0
income_poverty_ratio,4.23,2.0,0.0
income_poverty_ratio,4.23,3.0,0.16666666666666666
income_poverty_ratio,4.24,0.0,0.0
income_poverty_ratio,4.24,1.0,0.0
income_poverty_ratio,4.24,2.0,1.0
income_poverty_ratio,4.24,3.0,0.0
income_poverty_ratio,4.25,0.0,0.6363636363636364
income_poverty_ratio,4.25,1.0,0.045454545454545456
income_poverty_ratio,4.25,2.0,0.2727272727272727
income_poverty_ratio,4.25,3.0,0.045454545454545456
income_poverty_ratio,4.26,0.0,0.0
income_poverty_ratio,4.26,1.0,0.0
income_poverty_ratio,4.26,2.0,0.0
income_poverty_ratio,4.26,3.0,1.0
income_poverty_ratio,4.27,0.0,0.2222222222222222
income_poverty_ratio,4.27,1.0,0.0
income_poverty_ratio,4.27,2.0,0.5555555555555556
income_poverty_ratio,4.27,3.0,0.2222222222222222
income_poverty_ratio,4.28,0.0,0.7
income_poverty_ratio,4.28,1.0,0.0
income_poverty_ratio,4.28,2.0,0.2
income_poverty_ratio,4.28,3.0,0.1
income_poverty_ratio,4.29,0.0,0.3333333333333333
income_poverty_ratio,4.29,1.0,0.0
income_poverty_ratio,4.29,2.0,0.6666666666666666
income_poverty_ratio,4.29,3.0,0.0
income_poverty_ratio,4.3,0.0,0.5
income_poverty_ratio,4.3,1.0,0.125
income_poverty_ratio,4.3,2.0,0.375
income_poverty_ratio,4.3,3.0,0.0
income_poverty_ratio,4.31,0.0,0.5
income_poverty_ratio,4.31,1.0,0.0
income_poverty_ratio,4.31,2.0,0.25
income_poverty_ratio,4.31,3.0,0.25
income_poverty_ratio,4.32,0.0,0.0
income_poverty_ratio,4.32,1.0,0.0
income_poverty_ratio,4.32,2.0,0.3333333333333333
income_poverty_ratio,4.32,3.0,0.6666666666666666
income_poverty_ratio,4.34,0.0,0.6666666666666666
income_poverty_ratio,4.34,1.0,0.0
income_poverty_ratio,4.34,2.0,0.3333333333333333
income_poverty_ratio,4.34,3.0,0.0
income_poverty_ratio,4.35,0.0,0.5714285714285714
income_poverty_ratio,4.35,1.0,0.0
income_poverty_ratio,4.35,2.0,0.35714285714285715
income_poverty_ratio,4.35,3.0,0.07142857142857142
income_poverty_ratio,4.36,0.0,1.0
income_poverty_ratio,4.36,1.0,0.0
income_poverty_ratio,4.36,2.0,0.0
income_poverty_ratio,4.36,3.0,0.0
income_poverty_ratio,4.37,0.0,0.25
income_poverty_ratio,4.37,1.0,0.125
income_poverty_ratio,4.37,2.0,0.5
income_poverty_ratio,4.37,3.0,0.125
income_poverty_ratio,4.38,0.0,0.6
income_poverty_ratio,4.38,1.0,0.0
income_poverty_ratio,4.38,2.0,0.4
income_poverty_ratio,4.38,3.0,0.0
income_poverty_ratio,4.39,0.0,0.5555555555555556
income_poverty_ratio,4.39,1.0,0.0
income_poverty_ratio,4.39,2.0,0.3333333333333333
income_poverty_ratio,4.39,3.0,0.1111111111111111
income_poverty_ratio,4.4,0.0,0.5
income_poverty_ratio,4.4,1.0,0.0
income_poverty_ratio,4.4,2.0,0.5
income_poverty_ratio,4.4,3.0,0.0
income_poverty_ratio,4.41,0.0,0.5
income_poverty_ratio,4.41,1.0,0.0
income_poverty_ratio,4.41,2.0,0.25
income_poverty_ratio,4.41,3.0,0.25
income_poverty_ratio,4.42,0.0,0.6
income_poverty_ratio,4.42,1.0,0.2
income_poverty_ratio,4.42,2.0,0.2
income_poverty_ratio,4.42,3.0,0.0
income_poverty_ratio,4.43,0.0,0.5
income_poverty_ratio,4.43,1.0,0.0
income_poverty_ratio,4.43,2.0,0.375
income_poverty_ratio,4.43,3.0,0.125
income_poverty_ratio,4.44,0.0,0.0
income_poverty_ratio,4.44,1.0,0.0
income_poverty_ratio,4.44,2.0,1.0
income_poverty_ratio,4.44,3.0,0.0
income_poverty_ratio,4.45,0.0,0.5555555555555556
income_poverty_ratio,4.45,1.0,0.1111111111111111
income_poverty_ratio,4.45,2.0,0.3333333333333333
income_poverty_ratio,4.45,3.0,0.0
income_poverty_ratio,4.46,0.0,0.3333333333333333
income_poverty_ratio,4.46,1.0,0.0
income_poverty_ratio,4.46,2.0,0.3333333333333333
income_poverty_ratio,4.46,3.0,0.3333333333333333
income_poverty_ratio,4.47,0.0,1.0
income_poverty_ratio,4.47,1.0,0.0
income_poverty_ratio,4.47,2.0,0.0
income_poverty_ratio,4.47,3.0,0.0
income_poverty_ratio,4.48,0.0,0.4
income_poverty_ratio,4.48,1.0,0.0
income_poverty_ratio,4.48,2.0,0.6
income_poverty_ratio,4.48,3.0,0.0
income_poverty_ratio,4.49,0.0,1.0
income_poverty_ratio,4.49,1.0,0.0
income_poverty_ratio,4.49,2.0,0.0
income_poverty_ratio,4.49,3.0,0.0
income_poverty_ratio,4.5,0.0,0.0
income_poverty_ratio,4.5,1.0,0.0
income_poverty_ratio,4.5,2.0,1.0
income_poverty_ratio,4.5,3.0,0.0
income_poverty_ratio,4.51,0.0,0.5714285714285714
income_poverty_ratio,4.51,1.0,0.14285714285714285
income_poverty_ratio,4.51,2.0,0.2857142857142857
income_poverty_ratio,4.51,3.0,0.0
income_poverty_ratio,4.52,0.0,0.0
income_poverty_ratio,4.52,1.0,0.0
income_poverty_ratio,4.52,2.0,1.0
income_poverty_ratio,4.52,3.0,0.0
income_poverty_ratio,4.53,0.0,0.42857142857142855
income_poverty_ratio,4.53,1.0,0.14285714285714285
income_poverty_ratio,4.53,2.0,0.2857142857142857
income_poverty_ratio,4.53,3.0,0.14285714285714285
income_poverty_ratio,4.54,0.0,0.6666666666666666
income_poverty_ratio,4.54,1.0,0.0
income_poverty_ratio,4.54,2.0,0.3333333333333333
income_poverty_ratio,4.54,3.0,0.0
income_poverty_ratio,4.55,0.0,1.0
income_poverty_ratio,4.55,1.0,0.0
income_poverty_ratio,4.55,2.0,0.0
income_poverty_ratio,4.55,3.0,0.0
income_poverty_ratio,4.56,0.0,0.35294117647058826
income_poverty_ratio,4.56,1.0,0.17647058823529413
income_poverty_ratio,4.56,2.0,0.29411764705882354
income_poverty_ratio,4.56,3.0,0.17647058823529413
income_poverty_ratio,4.57,0.0,0.4444444444444444
income_poverty_ratio,4.57,1.0,0.0
income_poverty_ratio,4.57,2.0,0.3333333333333333
income_poverty_ratio,4.57,3.0,0.2222222222222222
income_poverty_ratio,4.58,0.0,0.3333333333333333
income_poverty_ratio,4.58,1.0,0.0
income_poverty_ratio,4.58,2.0,0.0
income_poverty_ratio,4.58,3.0,0.6666666666666666
income_poverty_ratio,4.59,0.0,0.6363636363636364
income_poverty_ratio,4.59,1.0,0.09090909090909091
income_poverty_ratio,4.59,2.0,0.18181818181818182
income_poverty_ratio,4.59,3.0,0.09090909090909091
income_poverty_ratio,4.6,0.0,0.0
income_poverty_ratio,4.6,1.0,0.0
income_poverty_ratio,4.6,2.0,0.3333333333333333
income_poverty_ratio,4.6,3.0,0.6666666666666666
income_poverty_ratio,4.61,0.0,0.42857142857142855
income_poverty_ratio,4.61,1.0,0.0
income_poverty_ratio,4.61,2.0,0.42857142857142855
income_poverty_ratio,4.61,3.0,0.14285714285714285
income_poverty_ratio,4.62,0.0,0.3125
income_poverty_ratio,4.62,1.0,0.0
income_poverty_ratio,4.62,2.0,0.4375
income_poverty_ratio,4.62,3.0,0.25
income_poverty_ratio,4.63,0.0,0.8333333333333334
income_poverty_ratio,4.63,1.0,0.16666666666666666
income_poverty_ratio,4.63,2.0,0.0
income_poverty_ratio,4.63,3.0,0.0
income_poverty_ratio,4.64,0.0,0.3333333333333333
income_poverty_ratio,4.64,1.0,0.3333333333333333
income_poverty_ratio,4.64,2.0,0.3333333333333333
income_poverty_ratio,4.64,3.0,0.0
income_poverty_ratio,4.65,0.0,0.3333333333333333
income_poverty_ratio,4.65,1.0,0.0
income_poverty_ratio,4.65,2.0,0.3333333333333333
income_poverty_ratio,4.65,3.0,0.3333333333333333
income_poverty_ratio,4.66,0.0,0.6666666666666666
income_poverty_ratio,4.66,1.0,0.0
income_poverty_ratio,4.66,2.0,0.3333333333333333
income_poverty_ratio,4.66,3.0,0.0
income_poverty_ratio,4.67,0.0,0.3333333333333333
income_poverty_ratio,4.67,1.0,0.0
income_poverty_ratio,4.67,2.0,0.3333333333333333
income_poverty_ratio,4.67,3.0,0.3333333333333333
income_poverty_ratio,4.68,0.0,0.3333333333333333
income_poverty_ratio,4.68,1.0,0.0
income_poverty_ratio,4.68,2.0,0.0
income_poverty_ratio,4.68,3.0,0.6666666666666666
income_poverty_ratio,4.69,0.0,1.0
income_poverty_ratio,4.69,1.0,0.0
income_poverty_ratio,4.69,2.0,0.0
income_poverty_ratio,4.69,3.0,0.0
income_poverty_ratio,4.7,0.0,0.0
income_poverty_ratio,4.7,1.0,0.0
income_poverty_ratio,4.7,2.0,0.0
income_poverty_ratio,4.7,3.0,1.0
income_poverty_ratio,4.71,0.0,0.0
income_poverty_ratio,4.71,1.0,0.0
income_poverty_ratio,4.71,2.0,0.42857142857142855
income_poverty_ratio,4.71,3.0,0.5714285714285714
income_poverty_ratio,4.72,0.0,0.6666666666666666
income_poverty_ratio,4.72,1.0,0.0
income_poverty_ratio,4.72,2.0,0.3333333333333333
income_poverty_ratio,4.72,3.0,0.0
income_poverty_ratio,4.74,0.0,0.6666666666666666
income_poverty_ratio,4.74,1.0,0.0
income_poverty_ratio,4.74,2.0,0.3333333333333333
income_poverty_ratio,4.74,3.0,0.0
income_poverty_ratio,4.76,0.0,0.36363636363636365
income_poverty_ratio,4.76,1.0,0.09090909090909091
income_poverty_ratio,4.76,2.0,0.36363636363636365
income_poverty_ratio,4.76,3.0,0.18181818181818182
income_poverty_ratio,4.77,0.0,0.3
income_poverty_ratio,4.77,1.0,0.1
income_poverty_ratio,4.77,2.0,0.5
income_poverty_ratio,4.77,3.0,0.1
income_poverty_ratio,4.78,0.0,0.5714285714285714
income_poverty_ratio,4.78,1.0,0.2857142857142857
income_poverty_ratio,4.78,2.0,0.14285714285714285
income_poverty_ratio,4.78,3.0,0.0
income_poverty_ratio,4.79,0.0,0.3333333333333333
income_poverty_ratio,4.79,1.0,0.0
income_poverty_ratio,4.79,2.0,0.6666666666666666
income_poverty_ratio,4.79,3.0,0.0
income_poverty_ratio,4.8,0.0,0.5
income_poverty_ratio,4.8,1.0,0.5
income_poverty_ratio,4.8,2.0,0.0
income_poverty_ratio,4.8,3.0,0.0
income_poverty_ratio,4.81,0.0,0.5
income_poverty_ratio,4.81,1.0,0.0
income_poverty_ratio,4.81,2.0,0.5
income_poverty_ratio,4.81,3.0,0.0
income_poverty_ratio,4.82,0.0,1.0
income_poverty_ratio,4.82,1.0,0.0
income_poverty_ratio,4.82,2.0,0.0
income_poverty_ratio,4.82,3.0,0.0
income_poverty_ratio,4.83,0.0,1.0
income_poverty_ratio,4.83,1.0,0.0
income_poverty_ratio,4.83,2.0,0.0
income_poverty_ratio,4.83,3.0,0.0
income_poverty_ratio,4.84,0.0,0.5
income_poverty_ratio,4.84,1.0,0.0
income_poverty_ratio,4.84,2.0,0.35714285714285715
income_poverty_ratio,4.84,3.0,0.14285714285714285
income_poverty_ratio,4.86,0.0,0.6666666666666666
income_poverty_ratio,4.86,1.0,0.0
income_poverty_ratio,4.86,2.0,0.3333333333333333
income_poverty_ratio,4.86,3.0,0.0
income_poverty_ratio,4.87,0.0,0.0
income_poverty_ratio,4.87,1.0,1.0
income_poverty_ratio,4.87,2.0,0.0
income_poverty_ratio,4.87,3.0,0.0
income_poverty_ratio,4.88,0.0,0.6666666666666666
income_poverty_ratio,4.88,1.0,0.0
income_poverty_ratio,4.88,2.0,0.3333333333333333
income_poverty_ratio,4.88,3.0,0.0
income_poverty_ratio,4.89,0.0,0.6666666666666666
income_poverty_ratio,4.89,1.0,0.0
income_poverty_ratio,4.89,2.0,0.3333333333333333
income_poverty_ratio,4.89,3.0,0.0
income_poverty_ratio,4.9,0.0,0.75
income_poverty_ratio,4.9,1.0,0.0
income_poverty_ratio,4.9,2.0,0.25
income_poverty_ratio,4.9,3.0,0.0
income_poverty_ratio,4.91,0.0,0.0
income_poverty_ratio,4.91,1.0,1.0
income_poverty_ratio,4.91,2.0,0.0
income_poverty_ratio,4.91,3.0,0.0
income_poverty_ratio,4.92,0.0,0.8571428571428571
income_poverty_ratio,4.92,1.0,0.0
income_poverty_ratio,4.92,2.0,0.14285714285714285
income_poverty_ratio,4.92,3.0,0.0
income_poverty_ratio,4.93,0.0,0.3888888888888889
income_poverty_ratio,4.93,1.0,0.0
income_poverty_ratio,4.93,2.0,0.5
income_poverty_ratio,4.93,3.0,0.1111111111111111
income_poverty_ratio,4.94,0.0,0.6666666666666666
income_poverty_ratio,4.94,1.0,0.0
income_poverty_ratio,4.94,2.0,0.3333333333333333
income_poverty_ratio,4.94,3.0,0.0
income_poverty_ratio,4.95,0.0,0.25
income_poverty_ratio,4.95,1.0,0.0
income_poverty_ratio,4.95,2.0,0.5
income_poverty_ratio,4.95,3.0,0.25
income_poverty_ratio,4.96,0.0,0.2857142857142857
income_poverty_ratio,4.96,1.0,0.07142857142857142
income_poverty_ratio,4.96,2.0,0.5714285714285714
income_poverty_ratio,4.96,3.0,0.07142857142857142
income_poverty_ratio,4.97,0.0,0.3333333333333333
income_poverty_ratio,4.97,1.0,0.0
income_poverty_ratio,4.97,2.0,0.3333333333333333
income_poverty_ratio,4.97,3.0,0.3333333333333333
income_poverty_ratio,4.98,0.0,0.6666666666666666
income_poverty_ratio,4.98,1.0,0.0
income_poverty_ratio,4.98,2.0,0.2222222222222222
income_poverty_ratio,4.98,3.0,0.1111111111111111
income_poverty_ratio,4.99,0.0,0.2
income_poverty_ratio,4.99,1.0,0.2
income_poverty_ratio,4.99,2.0,0.6
income_poverty_ratio,4.99,3.0,0.0
income_poverty_ratio,nan,0.0,0.47192353643966545
income_poverty_ratio,nan,1.0,0.04978096375945838
income_poverty_ratio,nan,2.0,0.31740342493030665
income_poverty_ratio,nan,3.0,0.1608920748705695
race_ethnicity,1.0,0.0,0.41836734693877553
race_ethnicity,1.0,1.0,0.06292517006802721
race_ethnicity,1.0,2.0,0.2848639455782313
race_ethnicity,1.0,3.0,0.233843537414966
race_ethnicity,2.0,0.0,0.40834845735027225
race_ethnicity,2.0,1.0,0.060798548094373864
race_ethnicity,2.0,2.0,0.2967332123411978
race_ethnicity,2.0,3.0,0.23411978221415608
race_ethnicity,3.0,0.0,0.362238074008025
race_ethnicity,3.0,1.0,0.043468568880962996
race_ethnicity,3.0,2.0,0.4037004012483281
race_ethnicity,3.0,3.0,0.1905929558626839
race_ethnicity,4.0,0.0,0.3772430668841762
race_ethnicity,4.0,1.0,0.04200652528548124
race_ethnicity,4.0,2.0,0.3690864600326264
race_ethnicity,4.0,3.0,0.21166394779771616
race_ethnicity,nan,0.0,0.4544037412314887
race_ethnicity,nan,1.0,0.05611847233047545
race_ethnicity,nan,2.0,0.3078721745908028
race_ethnicity,nan,3.0,0.18160561184723303
sex,1.0,0.0,0.44546341463414635
sex,1.0,1.0,0.03726829268292683
sex,1.0,2.0,0.30809756097560975
sex,1.0,3.0,0.20917073170731706
sex,2.0,0.0,0.3334573874209155
sex,2.0,1.0,0.0595459620394492
sex,2.0,2.0,0.4082620022329736
sex,2.0,3.0,0.1987346483066617
